-- MySQL dump 10.13  Distrib 5.7.25, for Win64 (x86_64)
--
-- Host: localhost    Database: examsitedb
-- ------------------------------------------------------
-- Server version	5.7.25-log

/*!40101 SET @OLD_CHARACTER_SET_CLIENT=@@CHARACTER_SET_CLIENT */;
/*!40101 SET @OLD_CHARACTER_SET_RESULTS=@@CHARACTER_SET_RESULTS */;
/*!40101 SET @OLD_COLLATION_CONNECTION=@@COLLATION_CONNECTION */;
/*!40101 SET NAMES utf8 */;
/*!40103 SET @OLD_TIME_ZONE=@@TIME_ZONE */;
/*!40103 SET TIME_ZONE='+00:00' */;
/*!40014 SET @OLD_UNIQUE_CHECKS=@@UNIQUE_CHECKS, UNIQUE_CHECKS=0 */;
/*!40014 SET @OLD_FOREIGN_KEY_CHECKS=@@FOREIGN_KEY_CHECKS, FOREIGN_KEY_CHECKS=0 */;
/*!40101 SET @OLD_SQL_MODE=@@SQL_MODE, SQL_MODE='NO_AUTO_VALUE_ON_ZERO' */;
/*!40111 SET @OLD_SQL_NOTES=@@SQL_NOTES, SQL_NOTES=0 */;

--
-- Table structure for table `auth_group`
--

DROP TABLE IF EXISTS `auth_group`;
/*!40101 SET @saved_cs_client     = @@character_set_client */;
/*!40101 SET character_set_client = utf8 */;
CREATE TABLE `auth_group` (
  `id` int(11) NOT NULL AUTO_INCREMENT,
  `name` varchar(150) NOT NULL,
  PRIMARY KEY (`id`),
  UNIQUE KEY `name` (`name`)
) ENGINE=InnoDB DEFAULT CHARSET=utf8;
/*!40101 SET character_set_client = @saved_cs_client */;

--
-- Dumping data for table `auth_group`
--

LOCK TABLES `auth_group` WRITE;
/*!40000 ALTER TABLE `auth_group` DISABLE KEYS */;
/*!40000 ALTER TABLE `auth_group` ENABLE KEYS */;
UNLOCK TABLES;

--
-- Table structure for table `auth_group_permissions`
--

DROP TABLE IF EXISTS `auth_group_permissions`;
/*!40101 SET @saved_cs_client     = @@character_set_client */;
/*!40101 SET character_set_client = utf8 */;
CREATE TABLE `auth_group_permissions` (
  `id` int(11) NOT NULL AUTO_INCREMENT,
  `group_id` int(11) NOT NULL,
  `permission_id` int(11) NOT NULL,
  PRIMARY KEY (`id`),
  UNIQUE KEY `auth_group_permissions_group_id_permission_id_0cd325b0_uniq` (`group_id`,`permission_id`),
  KEY `auth_group_permissio_permission_id_84c5c92e_fk_auth_perm` (`permission_id`),
  CONSTRAINT `auth_group_permissio_permission_id_84c5c92e_fk_auth_perm` FOREIGN KEY (`permission_id`) REFERENCES `auth_permission` (`id`),
  CONSTRAINT `auth_group_permissions_group_id_b120cbf9_fk_auth_group_id` FOREIGN KEY (`group_id`) REFERENCES `auth_group` (`id`)
) ENGINE=InnoDB DEFAULT CHARSET=utf8;
/*!40101 SET character_set_client = @saved_cs_client */;

--
-- Dumping data for table `auth_group_permissions`
--

LOCK TABLES `auth_group_permissions` WRITE;
/*!40000 ALTER TABLE `auth_group_permissions` DISABLE KEYS */;
/*!40000 ALTER TABLE `auth_group_permissions` ENABLE KEYS */;
UNLOCK TABLES;

--
-- Table structure for table `auth_permission`
--

DROP TABLE IF EXISTS `auth_permission`;
/*!40101 SET @saved_cs_client     = @@character_set_client */;
/*!40101 SET character_set_client = utf8 */;
CREATE TABLE `auth_permission` (
  `id` int(11) NOT NULL AUTO_INCREMENT,
  `name` varchar(255) NOT NULL,
  `content_type_id` int(11) NOT NULL,
  `codename` varchar(100) NOT NULL,
  PRIMARY KEY (`id`),
  UNIQUE KEY `auth_permission_content_type_id_codename_01ab375a_uniq` (`content_type_id`,`codename`),
  CONSTRAINT `auth_permission_content_type_id_2f476e4b_fk_django_co` FOREIGN KEY (`content_type_id`) REFERENCES `django_content_type` (`id`)
) ENGINE=InnoDB AUTO_INCREMENT=85 DEFAULT CHARSET=utf8;
/*!40101 SET character_set_client = @saved_cs_client */;

--
-- Dumping data for table `auth_permission`
--

LOCK TABLES `auth_permission` WRITE;
/*!40000 ALTER TABLE `auth_permission` DISABLE KEYS */;
INSERT INTO `auth_permission` VALUES (1,'Can add access log',1,'add_accesslog'),(2,'Can change access log',1,'change_accesslog'),(3,'Can delete access log',1,'delete_accesslog'),(4,'Can view access log',1,'view_accesslog'),(5,'Can add answer image',2,'add_answerimage'),(6,'Can change answer image',2,'change_answerimage'),(7,'Can delete answer image',2,'delete_answerimage'),(8,'Can view answer image',2,'view_answerimage'),(9,'Can add auth',3,'add_auth'),(10,'Can change auth',3,'change_auth'),(11,'Can delete auth',3,'delete_auth'),(12,'Can view auth',3,'view_auth'),(13,'Can add classify',4,'add_classify'),(14,'Can change classify',4,'change_classify'),(15,'Can delete classify',4,'delete_classify'),(16,'Can view classify',4,'view_classify'),(17,'Can add org',5,'add_org'),(18,'Can change org',5,'change_org'),(19,'Can delete org',5,'delete_org'),(20,'Can view org',5,'view_org'),(21,'Can add super user',6,'add_superuser'),(22,'Can change super user',6,'change_superuser'),(23,'Can delete super user',6,'delete_superuser'),(24,'Can view super user',6,'view_superuser'),(25,'Can add user',7,'add_user'),(26,'Can change user',7,'change_user'),(27,'Can delete user',7,'delete_user'),(28,'Can view user',7,'view_user'),(29,'Can add result test',8,'add_resulttest'),(30,'Can change result test',8,'change_resulttest'),(31,'Can delete result test',8,'delete_resulttest'),(32,'Can view result test',8,'view_resulttest'),(33,'Can add question',9,'add_question'),(34,'Can change question',9,'change_question'),(35,'Can delete question',9,'delete_question'),(36,'Can view question',9,'view_question'),(37,'Can add little test',10,'add_littletest'),(38,'Can change little test',10,'change_littletest'),(39,'Can delete little test',10,'delete_littletest'),(40,'Can view little test',10,'view_littletest'),(41,'Can add add license request',11,'add_addlicenserequest'),(42,'Can change add license request',11,'change_addlicenserequest'),(43,'Can delete add license request',11,'delete_addlicenserequest'),(44,'Can view add license request',11,'view_addlicenserequest'),(45,'Can add make littletest',12,'add_makelittletest'),(46,'Can change make littletest',12,'change_makelittletest'),(47,'Can delete make littletest',12,'delete_makelittletest'),(48,'Can view make littletest',12,'view_makelittletest'),(49,'Can add comp question',13,'add_compquestion'),(50,'Can change comp question',13,'change_compquestion'),(51,'Can delete comp question',13,'delete_compquestion'),(52,'Can view comp question',13,'view_compquestion'),(53,'Can add question pm',14,'add_questionpm'),(54,'Can change question pm',14,'change_questionpm'),(55,'Can delete question pm',14,'delete_questionpm'),(56,'Can view question pm',14,'view_questionpm'),(57,'Can add log entry',15,'add_logentry'),(58,'Can change log entry',15,'change_logentry'),(59,'Can delete log entry',15,'delete_logentry'),(60,'Can view log entry',15,'view_logentry'),(61,'Can add permission',16,'add_permission'),(62,'Can change permission',16,'change_permission'),(63,'Can delete permission',16,'delete_permission'),(64,'Can view permission',16,'view_permission'),(65,'Can add group',17,'add_group'),(66,'Can change group',17,'change_group'),(67,'Can delete group',17,'delete_group'),(68,'Can view group',17,'view_group'),(69,'Can add user',18,'add_user'),(70,'Can change user',18,'change_user'),(71,'Can delete user',18,'delete_user'),(72,'Can view user',18,'view_user'),(73,'Can add content type',19,'add_contenttype'),(74,'Can change content type',19,'change_contenttype'),(75,'Can delete content type',19,'delete_contenttype'),(76,'Can view content type',19,'view_contenttype'),(77,'Can add session',20,'add_session'),(78,'Can change session',20,'change_session'),(79,'Can delete session',20,'delete_session'),(80,'Can view session',20,'view_session'),(81,'Can add question js',21,'add_questionjs'),(82,'Can change question js',21,'change_questionjs'),(83,'Can delete question js',21,'delete_questionjs'),(84,'Can view question js',21,'view_questionjs');
/*!40000 ALTER TABLE `auth_permission` ENABLE KEYS */;
UNLOCK TABLES;

--
-- Table structure for table `auth_user`
--

DROP TABLE IF EXISTS `auth_user`;
/*!40101 SET @saved_cs_client     = @@character_set_client */;
/*!40101 SET character_set_client = utf8 */;
CREATE TABLE `auth_user` (
  `id` int(11) NOT NULL AUTO_INCREMENT,
  `password` varchar(128) NOT NULL,
  `last_login` datetime(6) DEFAULT NULL,
  `is_superuser` tinyint(1) NOT NULL,
  `username` varchar(150) NOT NULL,
  `first_name` varchar(30) NOT NULL,
  `last_name` varchar(150) NOT NULL,
  `email` varchar(254) NOT NULL,
  `is_staff` tinyint(1) NOT NULL,
  `is_active` tinyint(1) NOT NULL,
  `date_joined` datetime(6) NOT NULL,
  PRIMARY KEY (`id`),
  UNIQUE KEY `username` (`username`)
) ENGINE=InnoDB DEFAULT CHARSET=utf8;
/*!40101 SET character_set_client = @saved_cs_client */;

--
-- Dumping data for table `auth_user`
--

LOCK TABLES `auth_user` WRITE;
/*!40000 ALTER TABLE `auth_user` DISABLE KEYS */;
/*!40000 ALTER TABLE `auth_user` ENABLE KEYS */;
UNLOCK TABLES;

--
-- Table structure for table `auth_user_groups`
--

DROP TABLE IF EXISTS `auth_user_groups`;
/*!40101 SET @saved_cs_client     = @@character_set_client */;
/*!40101 SET character_set_client = utf8 */;
CREATE TABLE `auth_user_groups` (
  `id` int(11) NOT NULL AUTO_INCREMENT,
  `user_id` int(11) NOT NULL,
  `group_id` int(11) NOT NULL,
  PRIMARY KEY (`id`),
  UNIQUE KEY `auth_user_groups_user_id_group_id_94350c0c_uniq` (`user_id`,`group_id`),
  KEY `auth_user_groups_group_id_97559544_fk_auth_group_id` (`group_id`),
  CONSTRAINT `auth_user_groups_group_id_97559544_fk_auth_group_id` FOREIGN KEY (`group_id`) REFERENCES `auth_group` (`id`),
  CONSTRAINT `auth_user_groups_user_id_6a12ed8b_fk_auth_user_id` FOREIGN KEY (`user_id`) REFERENCES `auth_user` (`id`)
) ENGINE=InnoDB DEFAULT CHARSET=utf8;
/*!40101 SET character_set_client = @saved_cs_client */;

--
-- Dumping data for table `auth_user_groups`
--

LOCK TABLES `auth_user_groups` WRITE;
/*!40000 ALTER TABLE `auth_user_groups` DISABLE KEYS */;
/*!40000 ALTER TABLE `auth_user_groups` ENABLE KEYS */;
UNLOCK TABLES;

--
-- Table structure for table `auth_user_user_permissions`
--

DROP TABLE IF EXISTS `auth_user_user_permissions`;
/*!40101 SET @saved_cs_client     = @@character_set_client */;
/*!40101 SET character_set_client = utf8 */;
CREATE TABLE `auth_user_user_permissions` (
  `id` int(11) NOT NULL AUTO_INCREMENT,
  `user_id` int(11) NOT NULL,
  `permission_id` int(11) NOT NULL,
  PRIMARY KEY (`id`),
  UNIQUE KEY `auth_user_user_permissions_user_id_permission_id_14a6b632_uniq` (`user_id`,`permission_id`),
  KEY `auth_user_user_permi_permission_id_1fbb5f2c_fk_auth_perm` (`permission_id`),
  CONSTRAINT `auth_user_user_permi_permission_id_1fbb5f2c_fk_auth_perm` FOREIGN KEY (`permission_id`) REFERENCES `auth_permission` (`id`),
  CONSTRAINT `auth_user_user_permissions_user_id_a95ead1b_fk_auth_user_id` FOREIGN KEY (`user_id`) REFERENCES `auth_user` (`id`)
) ENGINE=InnoDB DEFAULT CHARSET=utf8;
/*!40101 SET character_set_client = @saved_cs_client */;

--
-- Dumping data for table `auth_user_user_permissions`
--

LOCK TABLES `auth_user_user_permissions` WRITE;
/*!40000 ALTER TABLE `auth_user_user_permissions` DISABLE KEYS */;
/*!40000 ALTER TABLE `auth_user_user_permissions` ENABLE KEYS */;
UNLOCK TABLES;

--
-- Table structure for table `django_admin_log`
--

DROP TABLE IF EXISTS `django_admin_log`;
/*!40101 SET @saved_cs_client     = @@character_set_client */;
/*!40101 SET character_set_client = utf8 */;
CREATE TABLE `django_admin_log` (
  `id` int(11) NOT NULL AUTO_INCREMENT,
  `action_time` datetime(6) NOT NULL,
  `object_id` longtext,
  `object_repr` varchar(200) NOT NULL,
  `action_flag` smallint(5) unsigned NOT NULL,
  `change_message` longtext NOT NULL,
  `content_type_id` int(11) DEFAULT NULL,
  `user_id` int(11) NOT NULL,
  PRIMARY KEY (`id`),
  KEY `django_admin_log_content_type_id_c4bce8eb_fk_django_co` (`content_type_id`),
  KEY `django_admin_log_user_id_c564eba6_fk_auth_user_id` (`user_id`),
  CONSTRAINT `django_admin_log_content_type_id_c4bce8eb_fk_django_co` FOREIGN KEY (`content_type_id`) REFERENCES `django_content_type` (`id`),
  CONSTRAINT `django_admin_log_user_id_c564eba6_fk_auth_user_id` FOREIGN KEY (`user_id`) REFERENCES `auth_user` (`id`)
) ENGINE=InnoDB DEFAULT CHARSET=utf8;
/*!40101 SET character_set_client = @saved_cs_client */;

--
-- Dumping data for table `django_admin_log`
--

LOCK TABLES `django_admin_log` WRITE;
/*!40000 ALTER TABLE `django_admin_log` DISABLE KEYS */;
/*!40000 ALTER TABLE `django_admin_log` ENABLE KEYS */;
UNLOCK TABLES;

--
-- Table structure for table `django_content_type`
--

DROP TABLE IF EXISTS `django_content_type`;
/*!40101 SET @saved_cs_client     = @@character_set_client */;
/*!40101 SET character_set_client = utf8 */;
CREATE TABLE `django_content_type` (
  `id` int(11) NOT NULL AUTO_INCREMENT,
  `app_label` varchar(100) NOT NULL,
  `model` varchar(100) NOT NULL,
  PRIMARY KEY (`id`),
  UNIQUE KEY `django_content_type_app_label_model_76bd3d3b_uniq` (`app_label`,`model`)
) ENGINE=InnoDB AUTO_INCREMENT=22 DEFAULT CHARSET=utf8;
/*!40101 SET character_set_client = @saved_cs_client */;

--
-- Dumping data for table `django_content_type`
--

LOCK TABLES `django_content_type` WRITE;
/*!40000 ALTER TABLE `django_content_type` DISABLE KEYS */;
INSERT INTO `django_content_type` VALUES (15,'admin','logentry'),(17,'auth','group'),(16,'auth','permission'),(18,'auth','user'),(19,'contenttypes','contenttype'),(1,'exam','accesslog'),(11,'exam','addlicenserequest'),(2,'exam','answerimage'),(3,'exam','auth'),(4,'exam','classify'),(13,'exam','compquestion'),(10,'exam','littletest'),(12,'exam','makelittletest'),(5,'exam','org'),(9,'exam','question'),(21,'exam','questionjs'),(14,'exam','questionpm'),(8,'exam','resulttest'),(6,'exam','superuser'),(7,'exam','user'),(20,'sessions','session');
/*!40000 ALTER TABLE `django_content_type` ENABLE KEYS */;
UNLOCK TABLES;

--
-- Table structure for table `django_migrations`
--

DROP TABLE IF EXISTS `django_migrations`;
/*!40101 SET @saved_cs_client     = @@character_set_client */;
/*!40101 SET character_set_client = utf8 */;
CREATE TABLE `django_migrations` (
  `id` int(11) NOT NULL AUTO_INCREMENT,
  `app` varchar(255) NOT NULL,
  `name` varchar(255) NOT NULL,
  `applied` datetime(6) NOT NULL,
  PRIMARY KEY (`id`)
) ENGINE=InnoDB AUTO_INCREMENT=25 DEFAULT CHARSET=utf8;
/*!40101 SET character_set_client = @saved_cs_client */;

--
-- Dumping data for table `django_migrations`
--

LOCK TABLES `django_migrations` WRITE;
/*!40000 ALTER TABLE `django_migrations` DISABLE KEYS */;
INSERT INTO `django_migrations` VALUES (1,'contenttypes','0001_initial','2020-07-22 00:27:44.698201'),(2,'auth','0001_initial','2020-07-22 00:27:46.135712'),(3,'admin','0001_initial','2020-07-22 00:27:51.666925'),(4,'admin','0002_logentry_remove_auto_add','2020-07-22 00:27:54.463784'),(5,'admin','0003_logentry_add_action_flag_choices','2020-07-22 00:27:54.526290'),(6,'contenttypes','0002_remove_content_type_name','2020-07-22 00:27:55.823172'),(7,'auth','0002_alter_permission_name_max_length','2020-07-22 00:27:56.557545'),(8,'auth','0003_alter_user_email_max_length','2020-07-22 00:27:57.901289'),(9,'auth','0004_alter_user_username_opts','2020-07-22 00:27:57.948149'),(10,'auth','0005_alter_user_last_login_null','2020-07-22 00:27:58.479414'),(11,'auth','0006_require_contenttypes_0002','2020-07-22 00:27:58.510654'),(12,'auth','0007_alter_validators_add_error_messages','2020-07-22 00:27:58.541898'),(13,'auth','0008_alter_user_username_max_length','2020-07-22 00:27:59.088787'),(14,'auth','0009_alter_user_last_name_max_length','2020-07-22 00:28:00.229408'),(15,'auth','0010_alter_group_name_max_length','2020-07-22 00:28:01.182529'),(16,'auth','0011_update_proxy_permissions','2020-07-22 00:28:01.229386'),(17,'exam','0001_initial','2020-07-22 00:28:03.995016'),(18,'exam','0002_makelittletest','2020-07-22 00:28:09.635602'),(19,'exam','0003_compquestion','2020-07-22 00:28:09.916868'),(20,'exam','0004_questionpm','2020-07-22 00:28:10.213724'),(21,'sessions','0001_initial','2020-07-22 00:28:10.526239'),(22,'exam','0005_question_q_content','2020-07-31 02:43:26.790605'),(23,'exam','0006_questionjs','2020-07-31 02:53:09.224420'),(24,'exam','0007_auto_20200731_1412','2020-07-31 05:12:59.201958');
/*!40000 ALTER TABLE `django_migrations` ENABLE KEYS */;
UNLOCK TABLES;

--
-- Table structure for table `django_session`
--

DROP TABLE IF EXISTS `django_session`;
/*!40101 SET @saved_cs_client     = @@character_set_client */;
/*!40101 SET character_set_client = utf8 */;
CREATE TABLE `django_session` (
  `session_key` varchar(40) NOT NULL,
  `session_data` longtext NOT NULL,
  `expire_date` datetime(6) NOT NULL,
  PRIMARY KEY (`session_key`),
  KEY `django_session_expire_date_a5c62663` (`expire_date`)
) ENGINE=InnoDB DEFAULT CHARSET=utf8;
/*!40101 SET character_set_client = @saved_cs_client */;

--
-- Dumping data for table `django_session`
--

LOCK TABLES `django_session` WRITE;
/*!40000 ALTER TABLE `django_session` DISABLE KEYS */;
INSERT INTO `django_session` VALUES ('0z38jboez6fftknhq1asi4fclfi99ves','YzRhMDE2OTY2NDExNzQwMThiZjZhYmQ5ZDFhOTQ0ODNlZjM3Nzg0MDp7InVfaWQiOiJ3YXRhYmUyMCIsIm9faWQiOiIwMDAyIiwidV9hZG1pbiI6MX0=','2020-08-05 08:33:41.280476'),('5igy3c4gm8g05rel9ot7a7nuyll3z8sm','YzRhMDE2OTY2NDExNzQwMThiZjZhYmQ5ZDFhOTQ0ODNlZjM3Nzg0MDp7InVfaWQiOiJ3YXRhYmUyMCIsIm9faWQiOiIwMDAyIiwidV9hZG1pbiI6MX0=','2020-08-18 02:53:14.415622'),('exzzt41vjk7490gcp180au36imqbl34n','YmQ5ODMwOTliZjg0YTAxNzAwNDY3NTZlNGZiNDQ4YzIxNDMzM2ZhZDp7InVfaWQiOiIiLCJvX2lkIjoiMDAwMiIsInVfYWRtaW4iOjF9','2020-08-18 01:34:53.045124'),('qmycxyxzclmzlyw3zo4wcwfolhzab5na','YzRhMDE2OTY2NDExNzQwMThiZjZhYmQ5ZDFhOTQ0ODNlZjM3Nzg0MDp7InVfaWQiOiJ3YXRhYmUyMCIsIm9faWQiOiIwMDAyIiwidV9hZG1pbiI6MX0=','2020-08-11 00:19:21.578096'),('qzgpg67l7w3m7ty07j0kaxxnxha5qygf','ZjJmYmUzMDlmYzI2ODlhYTdlYjQxNGQwYTcxNjRlZWJjNzBmYzJhMzp7InVfaWQiOiJrdWJvMjAiLCJvX2lkIjoiMDAwMiIsInVfYWRtaW4iOjF9','2020-08-17 05:18:08.735420'),('t4lo2mmar08zaifwis99v2jma1yzn34m','YzRhMDE2OTY2NDExNzQwMThiZjZhYmQ5ZDFhOTQ0ODNlZjM3Nzg0MDp7InVfaWQiOiJ3YXRhYmUyMCIsIm9faWQiOiIwMDAyIiwidV9hZG1pbiI6MX0=','2020-08-11 03:29:17.976265'),('y2aj3rpdsuuqjqbaqjnttnz4dv5m03so','YmQ5ODMwOTliZjg0YTAxNzAwNDY3NTZlNGZiNDQ4YzIxNDMzM2ZhZDp7InVfaWQiOiIiLCJvX2lkIjoiMDAwMiIsInVfYWRtaW4iOjF9','2020-08-11 03:35:10.826537');
/*!40000 ALTER TABLE `django_session` ENABLE KEYS */;
UNLOCK TABLES;

--
-- Table structure for table `exam_accesslog`
--

DROP TABLE IF EXISTS `exam_accesslog`;
/*!40101 SET @saved_cs_client     = @@character_set_client */;
/*!40101 SET character_set_client = utf8 */;
CREATE TABLE `exam_accesslog` (
  `id` int(11) NOT NULL AUTO_INCREMENT,
  `u_id` varchar(100) NOT NULL,
  `a_date` datetime(6) NOT NULL,
  `a_ipa` varchar(100) NOT NULL,
  `a_page` varchar(100) NOT NULL,
  `a_state` varchar(1) NOT NULL,
  PRIMARY KEY (`id`)
) ENGINE=InnoDB AUTO_INCREMENT=44 DEFAULT CHARSET=utf8;
/*!40101 SET character_set_client = @saved_cs_client */;

--
-- Dumping data for table `exam_accesslog`
--

LOCK TABLES `exam_accesslog` WRITE;
/*!40000 ALTER TABLE `exam_accesslog` DISABLE KEYS */;
INSERT INTO `exam_accesslog` VALUES (1,'watabe20','2020-07-22 00:53:00.456244','192.168.41.15','mainpage','s'),(2,'watabe20','2020-07-22 03:40:40.821464','192.168.41.15','mainpage','s'),(3,'watabe20','2020-07-22 04:03:27.984030','192.168.41.15','mainpage','s'),(4,'watabe20','2020-07-22 08:33:41.193476','192.168.41.15','mainpage','s'),(5,'watabe20','2020-07-22 09:23:37.857175','127.0.0.1','mainpage','s'),(6,'kubo20','2020-07-27 08:26:28.539921','192.168.41.20','mainpage','s'),(7,'kubo20','2020-07-27 08:31:27.655901','fe80::8443:7426:3c99:5f89%11','mainpage','s'),(8,'kubo20','2020-07-27 08:33:52.359314','fe80::8443:7426:3c99:5f89%11','mainpage','s'),(9,'kubo20','2020-07-27 08:34:19.060728','127.0.0.1','mainpage','s'),(10,'watabe20','2020-07-27 23:45:29.240417','fe80::8443:7426:3c99:5f89%11','mainpage','s'),(11,'watabe20','2020-07-28 00:17:52.642398','127.0.0.1','mainpage','s'),(12,'kubo20','2020-07-28 00:18:51.024594','127.0.0.1','mainpage','s'),(13,'watabe20','2020-07-28 00:19:21.542027','127.0.0.1','mainpage','s'),(14,'kubo20','2020-07-28 00:24:31.635059','fe80::8443:7426:3c99:5f89%11','mainpage','s'),(15,'watabe20','2020-07-28 00:26:43.521034','fe80::8443:7426:3c99:5f89%11','mainpage','s'),(16,'watabe20','2020-07-28 00:57:57.267449','fe80::8443:7426:3c99:5f89%11','mainpage','s'),(17,'watabe20','2020-07-28 02:56:16.144789','192.168.41.12','mainpage','s'),(18,'watabe20','2020-07-28 03:27:22.864709','192.168.41.12','mainpage','s'),(19,'watabe20','2020-07-28 03:29:17.936800','192.168.41.12','mainpage','s'),(20,'watabe20','2020-07-28 03:29:45.390439','192.168.41.12','mainpage','s'),(21,'watabe20','2020-07-28 03:39:40.242710','127.0.0.1','mainpage','s'),(22,'watabe20','2020-07-29 00:06:16.710777','192.168.41.12','mainpage','s'),(23,'watabe20','2020-07-29 00:06:32.057172','192.168.41.12','mainpage','s'),(24,'watabe19','2020-07-29 01:24:16.892014','127.0.0.1','mainpage','s'),(25,'watabe19','2020-07-29 01:25:17.035762','127.0.0.1','mainpage','s'),(26,'kubo20','2020-07-29 01:32:27.673658','192.168.41.20','mainpage','s'),(27,'watabe19','2020-07-29 01:33:48.320792','127.0.0.1','mainpage','s'),(28,'watabe20','2020-07-29 01:36:04.684498','127.0.0.1','mainpage','f'),(29,'watabe20','2020-07-29 01:36:09.317572','127.0.0.1','mainpage','s'),(30,'watabe20','2020-07-29 08:03:34.824592','192.168.41.12','mainpage','s'),(31,'kubo20','2020-07-30 03:07:12.418936','192.168.41.20','mainpage','s'),(32,'kubo20','2020-07-31 05:24:53.282929','192.168.41.20','mainpage','s'),(33,'00024004','2020-07-31 05:25:39.451503','192.168.31.49','mainpage','f'),(34,'00024004','2020-07-31 05:25:55.020921','192.168.31.49','mainpage','f'),(35,'watabe20','2020-07-31 09:33:11.334970','127.0.0.1','mainpage','s'),(36,'watabe20','2020-07-31 10:51:20.520113','127.0.0.1','mainpage','s'),(37,'watabe20','2020-07-31 22:57:19.797578','127.0.0.1','mainpage','s'),(38,'watabe20','2020-08-02 23:40:34.983539','192.168.41.15','mainpage','s'),(39,'watabe20','2020-08-03 04:14:31.718049','192.168.41.15','mainpage','s'),(40,'kubo20','2020-08-03 05:18:08.657303','192.168.41.20','mainpage','s'),(41,'watabe20','2020-08-03 23:34:11.450726','192.168.41.15','mainpage','s'),(42,'watabe20','2020-08-04 01:34:22.272898','127.0.0.1','mainpage','s'),(43,'watabe20','2020-08-04 02:53:14.369633','192.168.41.15','mainpage','s');
/*!40000 ALTER TABLE `exam_accesslog` ENABLE KEYS */;
UNLOCK TABLES;

--
-- Table structure for table `exam_addlicenserequest`
--

DROP TABLE IF EXISTS `exam_addlicenserequest`;
/*!40101 SET @saved_cs_client     = @@character_set_client */;
/*!40101 SET character_set_client = utf8 */;
CREATE TABLE `exam_addlicenserequest` (
  `id` int(11) NOT NULL AUTO_INCREMENT,
  `l_num` int(11) NOT NULL,
  `adr_date` datetime(6) NOT NULL,
  `check` smallint(6) NOT NULL,
  `o_id` varchar(4) NOT NULL,
  PRIMARY KEY (`id`),
  KEY `exam_addlicenserequest_o_id_0c8898a2_fk_exam_org_o_id` (`o_id`),
  CONSTRAINT `exam_addlicenserequest_o_id_0c8898a2_fk_exam_org_o_id` FOREIGN KEY (`o_id`) REFERENCES `exam_org` (`o_id`)
) ENGINE=InnoDB AUTO_INCREMENT=2 DEFAULT CHARSET=utf8;
/*!40101 SET character_set_client = @saved_cs_client */;

--
-- Dumping data for table `exam_addlicenserequest`
--

LOCK TABLES `exam_addlicenserequest` WRITE;
/*!40000 ALTER TABLE `exam_addlicenserequest` DISABLE KEYS */;
INSERT INTO `exam_addlicenserequest` VALUES (1,3,'2020-07-29 01:24:28.721180',0,'0003');
/*!40000 ALTER TABLE `exam_addlicenserequest` ENABLE KEYS */;
UNLOCK TABLES;

--
-- Table structure for table `exam_answerimage`
--

DROP TABLE IF EXISTS `exam_answerimage`;
/*!40101 SET @saved_cs_client     = @@character_set_client */;
/*!40101 SET character_set_client = utf8 */;
CREATE TABLE `exam_answerimage` (
  `id` int(11) NOT NULL AUTO_INCREMENT,
  `image` varchar(20) NOT NULL,
  `o_id` varchar(4) NOT NULL,
  `t_id` varchar(4) NOT NULL,
  `u_id` varchar(20) NOT NULL,
  PRIMARY KEY (`id`)
) ENGINE=InnoDB DEFAULT CHARSET=utf8;
/*!40101 SET character_set_client = @saved_cs_client */;

--
-- Dumping data for table `exam_answerimage`
--

LOCK TABLES `exam_answerimage` WRITE;
/*!40000 ALTER TABLE `exam_answerimage` DISABLE KEYS */;
/*!40000 ALTER TABLE `exam_answerimage` ENABLE KEYS */;
UNLOCK TABLES;

--
-- Table structure for table `exam_auth`
--

DROP TABLE IF EXISTS `exam_auth`;
/*!40101 SET @saved_cs_client     = @@character_set_client */;
/*!40101 SET character_set_client = utf8 */;
CREATE TABLE `exam_auth` (
  `auth_key` varchar(40) NOT NULL,
  `auth_kind` varchar(10) NOT NULL,
  `auth_value` varchar(100) NOT NULL,
  `auth_date` datetime(6) NOT NULL,
  PRIMARY KEY (`auth_key`)
) ENGINE=InnoDB DEFAULT CHARSET=utf8;
/*!40101 SET character_set_client = @saved_cs_client */;

--
-- Dumping data for table `exam_auth`
--

LOCK TABLES `exam_auth` WRITE;
/*!40000 ALTER TABLE `exam_auth` DISABLE KEYS */;
INSERT INTO `exam_auth` VALUES ('FNHLuOpbmV4Yd7tJ35UYlGwFzthPd5pIKmwUQXIv','newuser','watabe@ucsjp.jp','2020-07-29 01:10:59.806635');
/*!40000 ALTER TABLE `exam_auth` ENABLE KEYS */;
UNLOCK TABLES;

--
-- Table structure for table `exam_classify`
--

DROP TABLE IF EXISTS `exam_classify`;
/*!40101 SET @saved_cs_client     = @@character_set_client */;
/*!40101 SET character_set_client = utf8 */;
CREATE TABLE `exam_classify` (
  `c_id` varchar(6) NOT NULL,
  `l_id` varchar(2) NOT NULL,
  `l_name` varchar(40) NOT NULL,
  `m_id` varchar(2) NOT NULL,
  `m_name` varchar(40) NOT NULL,
  `s_id` varchar(2) NOT NULL,
  `s_name` varchar(40) NOT NULL,
  PRIMARY KEY (`c_id`)
) ENGINE=InnoDB DEFAULT CHARSET=utf8;
/*!40101 SET character_set_client = @saved_cs_client */;

--
-- Dumping data for table `exam_classify`
--

LOCK TABLES `exam_classify` WRITE;
/*!40000 ALTER TABLE `exam_classify` DISABLE KEYS */;
INSERT INTO `exam_classify` VALUES ('010101','01','基礎理論','01','基礎理論','01','離散数学'),('010102','01','基礎理論','01','基礎理論','02','応用数学'),('010103','01','基礎理論','01','基礎理論','03','情報に関する理論'),('010104','01','基礎理論','01','基礎理論','04','通信に関する理論'),('010105','01','基礎理論','01','基礎理論','05','計測・制御に関する理論'),('010201','01','基礎理論','02','アルゴリズムとプログラミング','01','データ構造'),('010202','01','基礎理論','02','アルゴリズムとプログラミング','02','アルゴリズム'),('010203','01','基礎理論','02','アルゴリズムとプログラミング','03','プログラミング'),('010204','01','基礎理論','02','アルゴリズムとプログラミング','04','プログラム言語'),('010205','01','基礎理論','02','アルゴリズムとプログラミング','05','その他の言語'),('020301','02','コンピュータシステム','03','コンピュータ構成要素','01','プロセッサ'),('020302','02','コンピュータシステム','03','コンピュータ構成要素','02','メモリ'),('020303','02','コンピュータシステム','03','コンピュータ構成要素','03','バス'),('020304','02','コンピュータシステム','03','コンピュータ構成要素','04','入出力デバイス'),('020305','02','コンピュータシステム','03','コンピュータ構成要素','05','入出力装置'),('020401','02','コンピュータシステム','04','システム構成要素','01','システムの構成'),('020402','02','コンピュータシステム','04','システム構成要素','02','システムの評価指標'),('020501','02','コンピュータシステム','05','ソフトウェア','01','オペレーティングシステム'),('020502','02','コンピュータシステム','05','ソフトウェア','02','ミドルウェア'),('020503','02','コンピュータシステム','05','ソフトウェア','03','ファイルシステム'),('020504','02','コンピュータシステム','05','ソフトウェア','04','開発ツール'),('020505','02','コンピュータシステム','05','ソフトウェア','05','オープンソースソフトウェア'),('020601','02','コンピュータシステム','06','ハードウェア','01','ハードウェア'),('030701','03','技術要素','07','ヒューマンインタフェース','01','ヒューマンインタフェース技術'),('030702','03','技術要素','07','ヒューマンインタフェース','02','インタフェース設計'),('030801','03','技術要素','08','マルチメディア','01','マルチメディア技術'),('030802','03','技術要素','08','マルチメディア','02','マルチメディア応用'),('030901','03','技術要素','09','データベース','01','データベース方式'),('030902','03','技術要素','09','データベース','02','データベース設計'),('030903','03','技術要素','09','データベース','03','データ操作'),('030904','03','技術要素','09','データベース','04','トランザクション処理'),('030905','03','技術要素','09','データベース','05','データベース応用'),('031001','03','技術要素','10','ネットワーク','01','ネットワーク方式'),('031002','03','技術要素','10','ネットワーク','02','データ通信と制御'),('031003','03','技術要素','10','ネットワーク','03','通信プロトコル'),('031004','03','技術要素','10','ネットワーク','04','ネットワーク管理'),('031005','03','技術要素','10','ネットワーク','05','ネットワーク応用'),('031101','03','技術要素','11','セキュリティ','01','情報セキュリティ'),('031102','03','技術要素','11','セキュリティ','02','情報セキュリティ管理'),('031103','03','技術要素','11','セキュリティ','03','セキュリティ技術評価'),('031104','03','技術要素','11','セキュリティ','04','情報セキュリティ対策'),('031105','03','技術要素','11','セキュリティ','05','セキュリティ実装技術'),('041201','04','開発技術','12','システム開発技術','01','システム要件定義'),('041202','04','開発技術','12','システム開発技術','02','システム方式設計'),('041203','04','開発技術','12','システム開発技術','03','ソフトウェア要件定義'),('041204','04','開発技術','12','システム開発技術','04','ソフトウェア方式設計・ソフトウェア詳細設計'),('041205','04','開発技術','12','システム開発技術','05','ソフトウェア構築'),('041206','04','開発技術','12','システム開発技術','06','ソフトウェア結合・ソフトウェア適格性確認テスト'),('041207','04','開発技術','12','システム開発技術','07','システム結合・システム適格性確認テスト'),('041208','04','開発技術','12','システム開発技術','08','導入'),('041209','04','開発技術','12','システム開発技術','09','受入れ支援'),('041210','04','開発技術','12','システム開発技術','10','保守・廃棄'),('041301','04','開発技術','13','ソフトウェア開発管理技術','01','開発プロセス・手法'),('041302','04','開発技術','13','ソフトウェア開発管理技術','02','知的財産適用管理'),('041303','04','開発技術','13','ソフトウェア開発管理技術','03','開発環境管理'),('041304','04','開発技術','13','ソフトウェア開発管理技術','04','構成管理・変更管理'),('051401','05','プロジェクトマネジメント','14','プロジェクトマネジメント','01','プロジェクトマネジメント'),('051402','05','プロジェクトマネジメント','14','プロジェクトマネジメント','02','プロジェクトの統合'),('051403','05','プロジェクトマネジメント','14','プロジェクトマネジメント','03','プロジェクトのステークホルダ'),('051404','05','プロジェクトマネジメント','14','プロジェクトマネジメント','04','プロジェクトのスコープ'),('051405','05','プロジェクトマネジメント','14','プロジェクトマネジメント','05','プロジェクトの資源'),('051406','05','プロジェクトマネジメント','14','プロジェクトマネジメント','06','プロジェクトの時間'),('051407','05','プロジェクトマネジメント','14','プロジェクトマネジメント','07','プロジェクトのコスト'),('051408','05','プロジェクトマネジメント','14','プロジェクトマネジメント','08','プロジェクトのリスク'),('051409','05','プロジェクトマネジメント','14','プロジェクトマネジメント','09','プロジェクトの品質'),('051410','05','プロジェクトマネジメント','14','プロジェクトマネジメント','10','プロジェクトの調達'),('051411','05','プロジェクトマネジメント','14','プロジェクトマネジメント','11','プロジェクトのコミュニケーション'),('061501','06','サービスマネジメント','15','サービスマネジメント','01','サービスマネジメント'),('061502','06','サービスマネジメント','15','サービスマネジメント','02','サービスの設計・移行'),('061503','06','サービスマネジメント','15','サービスマネジメント','03','サービスマネジメントプロセス'),('061504','06','サービスマネジメント','15','サービスマネジメント','04','サービスの運用'),('061505','06','サービスマネジメント','15','サービスマネジメント','05','ファシリティマネジメント'),('061601','06','サービスマネジメント','16','システム監査','01','システム監査'),('061602','06','サービスマネジメント','16','システム監査','02','内部統制'),('071701','07','システム戦略','17','システム戦略','01','情報システム戦略'),('071702','07','システム戦略','17','システム戦略','02','業務プロセス'),('071703','07','システム戦略','17','システム戦略','03','ソリューションビジネス'),('071704','07','システム戦略','17','システム戦略','04','システム活用促進・評価'),('071801','07','システム戦略','18','システム企画','01','システム化計画'),('071802','07','システム戦略','18','システム企画','02','要件定義'),('071803','07','システム戦略','18','システム企画','03','調達計画・実施'),('081901','08','経営戦略','19','経営戦略マネジメント','01','経営戦略手法'),('081902','08','経営戦略','19','経営戦略マネジメント','02','マーケティング'),('081903','08','経営戦略','19','経営戦略マネジメント','03','ビジネス戦略と目標・評価'),('081904','08','経営戦略','19','経営戦略マネジメント','04','経営管理システム'),('082001','08','経営戦略','20','技術戦略マネジメント','01','技術開発戦略の立案'),('082002','08','経営戦略','20','技術戦略マネジメント','02','技術開発計画'),('082101','08','経営戦略','21','ビジネスインダストリ','01','ビジネスシステム'),('082102','08','経営戦略','21','ビジネスインダストリ','02','エンジニアリングシステム'),('082103','08','経営戦略','21','ビジネスインダストリ','03','e-ビジネス'),('082104','08','経営戦略','21','ビジネスインダストリ','04','民生機器'),('082105','08','経営戦略','21','ビジネスインダストリ','05','産業機器'),('092201','09','企業と法務','22','企業活動','01','経営・組織論'),('092202','09','企業と法務','22','企業活動','02','OR・IE'),('092203','09','企業と法務','22','企業活動','03','会計・財務'),('092301','09','企業と法務','23','法務','01','知的財産権'),('092302','09','企業と法務','23','法務','02','セキュリティ関連法規'),('092303','09','企業と法務','23','法務','03','労働関連・取引関連法規'),('092304','09','企業と法務','23','法務','04','その他の法律・ガイドライン・技術者倫理'),('092305','09','企業と法務','23','法務','05','標準化関連');
/*!40000 ALTER TABLE `exam_classify` ENABLE KEYS */;
UNLOCK TABLES;

--
-- Table structure for table `exam_compquestion`
--

DROP TABLE IF EXISTS `exam_compquestion`;
/*!40101 SET @saved_cs_client     = @@character_set_client */;
/*!40101 SET character_set_client = utf8 */;
CREATE TABLE `exam_compquestion` (
  `cq_key` varchar(18) NOT NULL,
  `q_id1` varchar(9) NOT NULL,
  `q_id2` varchar(9) NOT NULL,
  PRIMARY KEY (`cq_key`)
) ENGINE=InnoDB DEFAULT CHARSET=utf8;
/*!40101 SET character_set_client = @saved_cs_client */;

--
-- Dumping data for table `exam_compquestion`
--

LOCK TABLES `exam_compquestion` WRITE;
/*!40000 ALTER TABLE `exam_compquestion` DISABLE KEYS */;
/*!40000 ALTER TABLE `exam_compquestion` ENABLE KEYS */;
UNLOCK TABLES;

--
-- Table structure for table `exam_littletest`
--

DROP TABLE IF EXISTS `exam_littletest`;
/*!40101 SET @saved_cs_client     = @@character_set_client */;
/*!40101 SET character_set_client = utf8 */;
CREATE TABLE `exam_littletest` (
  `t_key` varchar(16) NOT NULL,
  `t_id` varchar(4) NOT NULL,
  `t_num` varchar(4) NOT NULL,
  `t_date` datetime(6) NOT NULL,
  `o_id` varchar(4) NOT NULL,
  `q_id` varchar(9) NOT NULL,
  PRIMARY KEY (`t_key`),
  KEY `exam_littletest_o_id_7f0b375b_fk_exam_org_o_id` (`o_id`),
  KEY `exam_littletest_q_id_7b1db6a6_fk_exam_question_q_id` (`q_id`),
  CONSTRAINT `exam_littletest_o_id_7f0b375b_fk_exam_org_o_id` FOREIGN KEY (`o_id`) REFERENCES `exam_org` (`o_id`),
  CONSTRAINT `exam_littletest_q_id_7b1db6a6_fk_exam_question_q_id` FOREIGN KEY (`q_id`) REFERENCES `exam_question` (`q_id`)
) ENGINE=InnoDB DEFAULT CHARSET=utf8;
/*!40101 SET character_set_client = @saved_cs_client */;

--
-- Dumping data for table `exam_littletest`
--

LOCK TABLES `exam_littletest` WRITE;
/*!40000 ALTER TABLE `exam_littletest` DISABLE KEYS */;
INSERT INTO `exam_littletest` VALUES ('000200120001','0012','0001','2020-07-22 00:00:00.000000','0002','feh240110'),('000200120002','0012','0002','2020-07-22 00:00:00.000000','0002','feh270211'),('000200120003','0012','0003','2020-07-22 00:00:00.000000','0002','feh270122'),('000200120004','0012','0004','2020-07-22 00:00:00.000000','0002','feh280112'),('000200120005','0012','0005','2020-07-22 00:00:00.000000','0002','fer010213'),('000200120006','0012','0006','2020-07-22 00:00:00.000000','0002','feh250233'),('000200120007','0012','0007','2020-07-22 00:00:00.000000','0002','feh290109'),('000200120008','0012','0008','2020-07-22 00:00:00.000000','0002','feh210213'),('000200120009','0012','0009','2020-07-22 00:00:00.000000','0002','feh260209'),('000200120010','0012','0010','2020-07-22 00:00:00.000000','0002','fer010212'),('000200120011','0012','0011','2020-07-22 00:00:00.000000','0002','feh210109'),('000200120012','0012','0012','2020-07-22 00:00:00.000000','0002','feh230109'),('000200120013','0012','0013','2020-07-22 00:00:00.000000','0002','feh270109'),('000200120014','0012','0014','2020-07-22 00:00:00.000000','0002','feh260121'),('000200120015','0012','0015','2020-07-22 00:00:00.000000','0002','feh210209'),('000200160001','0016','0001','2020-07-27 00:00:00.000000','0002','feh230242'),('000200160002','0016','0002','2020-07-27 00:00:00.000000','0002','feh270146'),('000200160003','0016','0003','2020-07-27 00:00:00.000000','0002','feh260242'),('000200160004','0016','0004','2020-07-27 00:00:00.000000','0002','feh250241'),('000200160005','0016','0005','2020-07-27 00:00:00.000000','0002','feh210141'),('000200160006','0016','0006','2020-07-27 00:00:00.000000','0002','feh310141'),('000200160007','0016','0007','2020-07-27 00:00:00.000000','0002','feh300244'),('000200160008','0016','0008','2020-07-27 00:00:00.000000','0002','feh300140'),('000200160009','0016','0009','2020-07-27 00:00:00.000000','0002','feh250245'),('000200160010','0016','0010','2020-07-27 00:00:00.000000','0002','feh300239'),('000200160011','0016','0011','2020-07-27 00:00:00.000000','0002','feh260137'),('000200160012','0016','0012','2020-07-27 00:00:00.000000','0002','feh290241'),('000200160013','0016','0013','2020-07-27 00:00:00.000000','0002','feh300137'),('000200160014','0016','0014','2020-07-27 00:00:00.000000','0002','feh220240'),('000200160015','0016','0015','2020-07-27 00:00:00.000000','0002','feh220144'),('000200160016','0016','0016','2020-07-27 00:00:00.000000','0002','feh240239'),('000200160017','0016','0017','2020-07-27 00:00:00.000000','0002','feh240237'),('000200160018','0016','0018','2020-07-27 00:00:00.000000','0002','feh250238'),('000200160019','0016','0019','2020-07-27 00:00:00.000000','0002','feh270139'),('000200160020','0016','0020','2020-07-27 00:00:00.000000','0002','feh290242'),('000200190001','0019','0001','2020-07-22 00:00:00.000000','0002','fer010280'),('000200190002','0019','0002','2020-07-22 00:00:00.000000','0002','feh300272'),('000200190003','0019','0003','2020-07-22 00:00:00.000000','0002','fer010270'),('000200190004','0019','0004','2020-07-22 00:00:00.000000','0002','feh260178'),('000200190005','0019','0005','2020-07-22 00:00:00.000000','0002','feh260171'),('000200190006','0019','0006','2020-07-22 00:00:00.000000','0002','feh260168'),('000200190007','0019','0007','2020-07-22 00:00:00.000000','0002','feh290271'),('000200190008','0019','0008','2020-07-22 00:00:00.000000','0002','fer010266'),('000200190009','0019','0009','2020-07-22 00:00:00.000000','0002','feh300180'),('000200190010','0019','0010','2020-07-22 00:00:00.000000','0002','feh270275'),('000200200001','0020','0001','2020-07-27 08:29:09.256356','0002','feh280262'),('000200200002','0020','0002','2020-07-27 08:29:09.256356','0002','feh290271'),('000200200003','0020','0003','2020-07-27 08:29:09.256356','0002','feh260169'),('000200200004','0020','0004','2020-07-27 08:29:09.256356','0002','feh260271'),('000200200005','0020','0005','2020-07-27 08:29:09.256356','0002','fer010270'),('000200200006','0020','0006','2020-07-27 08:29:09.256356','0002','feh310168'),('000200200007','0020','0007','2020-07-27 08:29:09.256356','0002','feh270171'),('000200200008','0020','0008','2020-07-27 08:29:09.256356','0002','feh230172'),('000200200009','0020','0009','2020-07-27 08:29:09.256356','0002','feh240261'),('000200200010','0020','0010','2020-07-27 08:29:09.256356','0002','feh280263'),('000200210001','0021','0001','2020-07-29 08:04:37.349017','0002','feh240213'),('000200210002','0021','0002','2020-07-29 08:04:37.349017','0002','feh220114'),('000200210003','0021','0003','2020-07-29 08:04:37.349017','0002','feh210113'),('000200210004','0021','0004','2020-07-29 08:04:37.349017','0002','feh250217'),('000200210005','0021','0005','2020-07-29 08:04:37.349017','0002','feh300113'),('000200210006','0021','0006','2020-07-29 08:04:37.349017','0002','feh210214'),('000200210007','0021','0007','2020-07-29 08:04:37.349017','0002','feh290214'),('000200210008','0021','0008','2020-07-29 08:04:37.349017','0002','feh310114'),('000200210009','0021','0009','2020-07-29 08:04:37.349017','0002','feh280215'),('000200210010','0021','0010','2020-07-29 08:04:37.349017','0002','feh260214'),('000200220001','0022','0001','2020-07-30 03:08:10.264262','0002','feh260179'),('000200220002','0022','0002','2020-07-30 03:08:10.264262','0002','feh310171'),('000200220003','0022','0003','2020-07-30 03:08:10.264262','0002','feh230166'),('000200220004','0022','0004','2020-07-30 03:08:10.264262','0002','feh260274'),('000200220005','0022','0005','2020-07-30 03:08:10.264262','0002','feh280174'),('000200220006','0022','0006','2020-07-30 03:08:10.264262','0002','feh210276'),('000200220007','0022','0007','2020-07-30 03:08:10.264262','0002','feh290269'),('000200220008','0022','0008','2020-07-30 03:08:10.264262','0002','feh270175'),('000200220009','0022','0009','2020-07-30 03:08:10.264262','0002','feh300273'),('000200220010','0022','0010','2020-07-30 03:08:10.264262','0002','feh230276'),('000200230001','0023','0001','2020-08-02 23:52:20.122107','0002','feh250220'),('000200230002','0023','0002','2020-08-02 23:52:20.122107','0002','feh300118'),('000200230003','0023','0003','2020-08-02 23:52:20.122107','0002','feh230222'),('000200230004','0023','0004','2020-08-02 23:52:20.122107','0002','feh270216'),('000200230005','0023','0005','2020-08-02 23:52:20.122107','0002','feh250221'),('000200230006','0023','0006','2020-08-02 23:52:20.122107','0002','feh250218'),('000200230007','0023','0007','2020-08-02 23:52:20.122107','0002','feh210118'),('000200230008','0023','0008','2020-08-02 23:52:20.122107','0002','feh250219'),('000200230009','0023','0009','2020-08-02 23:52:20.122107','0002','feh260120'),('000200230010','0023','0010','2020-08-02 23:52:20.122107','0002','feh270118'),('000200230011','0023','0011','2020-08-02 23:52:20.122107','0002','feh230220'),('000200230012','0023','0012','2020-08-02 23:52:20.122107','0002','feh210119'),('000200230013','0023','0013','2020-08-02 23:52:20.122107','0002','feh290117'),('000200230014','0023','0014','2020-08-02 23:52:20.122107','0002','feh280220'),('000200230015','0023','0015','2020-08-02 23:52:20.122107','0002','feh270220'),('000200240001','0024','0001','2020-08-03 05:19:48.515562','0002','feh230280'),('000200240002','0024','0002','2020-08-03 05:19:48.515562','0002','feh310168'),('000200240003','0024','0003','2020-08-03 05:19:48.515562','0002','feh270170'),('000200240004','0024','0004','2020-08-03 05:19:48.515562','0002','feh300274'),('000200240005','0024','0005','2020-08-03 05:19:48.515562','0002','feh230268'),('000200240006','0024','0006','2020-08-03 05:19:48.515562','0002','feh290267'),('000200240007','0024','0007','2020-08-03 05:19:48.515562','0002','feh310170'),('000200240008','0024','0008','2020-08-03 05:19:48.515562','0002','feh210271'),('000200240009','0024','0009','2020-08-03 05:19:48.515562','0002','feh260167'),('000200240010','0024','0010','2020-08-03 05:19:48.515562','0002','feh220271'),('000300010001','0001','0001','2020-07-29 01:28:36.068339','0003','feh230101'),('000300010002','0001','0002','2020-07-29 01:28:36.068339','0003','feh230102'),('000300010003','0001','0003','2020-07-29 01:28:36.068339','0003','feh230103'),('000300010004','0001','0004','2020-07-29 01:28:36.068339','0003','feh230104'),('000300010005','0001','0005','2020-07-29 01:28:36.068339','0003','feh230105'),('000300010006','0001','0006','2020-07-29 01:28:36.068339','0003','feh230106'),('000300010007','0001','0007','2020-07-29 01:28:36.068339','0003','feh230107'),('000300010008','0001','0008','2020-07-29 01:28:36.068339','0003','feh230108'),('000300010009','0001','0009','2020-07-29 01:28:36.068339','0003','feh230109'),('000300010010','0001','0010','2020-07-29 01:28:36.068339','0003','feh230110'),('000300010011','0001','0011','2020-07-29 01:28:36.068339','0003','feh230111'),('000300010012','0001','0012','2020-07-29 01:28:36.068339','0003','feh230112'),('000300010013','0001','0013','2020-07-29 01:28:36.068339','0003','feh230113'),('000300010014','0001','0014','2020-07-29 01:28:36.068339','0003','feh230114'),('000300010015','0001','0015','2020-07-29 01:28:36.068339','0003','feh230115'),('000300010016','0001','0016','2020-07-29 01:28:36.068339','0003','feh230116'),('000300010017','0001','0017','2020-07-29 01:28:36.068339','0003','feh230117'),('000300010018','0001','0018','2020-07-29 01:28:36.068339','0003','feh230118'),('000300010019','0001','0019','2020-07-29 01:28:36.068339','0003','feh230119'),('000300010020','0001','0020','2020-07-29 01:28:36.068339','0003','feh230120'),('000300010021','0001','0021','2020-07-29 01:28:36.068339','0003','feh230121'),('000300010022','0001','0022','2020-07-29 01:28:36.068339','0003','feh230122'),('000300010023','0001','0023','2020-07-29 01:28:36.068339','0003','feh230123'),('000300010024','0001','0024','2020-07-29 01:28:36.068339','0003','feh230124'),('000300010025','0001','0025','2020-07-29 01:28:36.068339','0003','feh230125'),('000300010026','0001','0026','2020-07-29 01:28:36.068339','0003','feh230126'),('000300010027','0001','0027','2020-07-29 01:28:36.068339','0003','feh230127'),('000300010028','0001','0028','2020-07-29 01:28:36.068339','0003','feh230128'),('000300010029','0001','0029','2020-07-29 01:28:36.068339','0003','feh230129'),('000300010030','0001','0030','2020-07-29 01:28:36.068339','0003','feh230130'),('000300010031','0001','0031','2020-07-29 01:28:36.068339','0003','feh230131'),('000300010032','0001','0032','2020-07-29 01:28:36.068339','0003','feh230132'),('000300010033','0001','0033','2020-07-29 01:28:36.068339','0003','feh230133'),('000300010034','0001','0034','2020-07-29 01:28:36.068339','0003','feh230134'),('000300010035','0001','0035','2020-07-29 01:28:36.068339','0003','feh230135'),('000300010036','0001','0036','2020-07-29 01:28:36.068339','0003','feh230136'),('000300010037','0001','0037','2020-07-29 01:28:36.068339','0003','feh230137'),('000300010038','0001','0038','2020-07-29 01:28:36.068339','0003','feh230138'),('000300010039','0001','0039','2020-07-29 01:28:36.068339','0003','feh230139'),('000300010040','0001','0040','2020-07-29 01:28:36.068339','0003','feh230140'),('000300010041','0001','0041','2020-07-29 01:28:36.068339','0003','feh230141'),('000300010042','0001','0042','2020-07-29 01:28:36.068339','0003','feh230142'),('000300010043','0001','0043','2020-07-29 01:28:36.068339','0003','feh230143'),('000300010044','0001','0044','2020-07-29 01:28:36.068339','0003','feh230144'),('000300010045','0001','0045','2020-07-29 01:28:36.068339','0003','feh230145'),('000300010046','0001','0046','2020-07-29 01:28:36.068339','0003','feh230146'),('000300010047','0001','0047','2020-07-29 01:28:36.068339','0003','feh230147'),('000300010048','0001','0048','2020-07-29 01:28:36.068339','0003','feh230148'),('000300010049','0001','0049','2020-07-29 01:28:36.068339','0003','feh230149'),('000300010050','0001','0050','2020-07-29 01:28:36.068339','0003','feh230150'),('000300010051','0001','0051','2020-07-29 01:28:36.068339','0003','feh230151'),('000300010052','0001','0052','2020-07-29 01:28:36.068339','0003','feh230152'),('000300010053','0001','0053','2020-07-29 01:28:36.068339','0003','feh230153'),('000300010054','0001','0054','2020-07-29 01:28:36.068339','0003','feh230154'),('000300010055','0001','0055','2020-07-29 01:28:36.068339','0003','feh230155'),('000300010056','0001','0056','2020-07-29 01:28:36.068339','0003','feh230156'),('000300010057','0001','0057','2020-07-29 01:28:36.068339','0003','feh230157'),('000300010058','0001','0058','2020-07-29 01:28:36.068339','0003','feh230158'),('000300010059','0001','0059','2020-07-29 01:28:36.068339','0003','feh230159'),('000300010060','0001','0060','2020-07-29 01:28:36.068339','0003','feh230160'),('000300010061','0001','0061','2020-07-29 01:28:36.068339','0003','feh230161'),('000300010062','0001','0062','2020-07-29 01:28:36.068339','0003','feh230162'),('000300010063','0001','0063','2020-07-29 01:28:36.068339','0003','feh230163'),('000300010064','0001','0064','2020-07-29 01:28:36.068339','0003','feh230164'),('000300010065','0001','0065','2020-07-29 01:28:36.068339','0003','feh230165'),('000300010066','0001','0066','2020-07-29 01:28:36.068339','0003','feh230166'),('000300010067','0001','0067','2020-07-29 01:28:36.068339','0003','feh230167'),('000300010068','0001','0068','2020-07-29 01:28:36.068339','0003','feh230168'),('000300010069','0001','0069','2020-07-29 01:28:36.068339','0003','feh230169'),('000300010070','0001','0070','2020-07-29 01:28:36.068339','0003','feh230170'),('000300010071','0001','0071','2020-07-29 01:28:36.068339','0003','feh230171'),('000300010072','0001','0072','2020-07-29 01:28:36.068339','0003','feh230172'),('000300010073','0001','0073','2020-07-29 01:28:36.068339','0003','feh230173'),('000300010074','0001','0074','2020-07-29 01:28:36.068339','0003','feh230174'),('000300010075','0001','0075','2020-07-29 01:28:36.068339','0003','feh230175'),('000300010076','0001','0076','2020-07-29 01:28:36.068339','0003','feh230176'),('000300010077','0001','0077','2020-07-29 01:28:36.068339','0003','feh230177'),('000300010078','0001','0078','2020-07-29 01:28:36.068339','0003','feh230178'),('000300010079','0001','0079','2020-07-29 01:28:36.068339','0003','feh230179'),('000300010080','0001','0080','2020-07-29 01:28:36.068339','0003','feh230180'),('000300020001','0002','0001','2020-07-29 01:29:04.294717','0003','feh260101'),('000300020002','0002','0002','2020-07-29 01:29:04.294717','0003','feh260102'),('000300020003','0002','0003','2020-07-29 01:29:04.294717','0003','feh260103'),('000300020004','0002','0004','2020-07-29 01:29:04.294717','0003','feh260104'),('000300020005','0002','0005','2020-07-29 01:29:04.294717','0003','feh260105'),('000300020006','0002','0006','2020-07-29 01:29:04.294717','0003','feh260106'),('000300020007','0002','0007','2020-07-29 01:29:04.294717','0003','feh260107'),('000300020008','0002','0008','2020-07-29 01:29:04.294717','0003','feh260108'),('000300020009','0002','0009','2020-07-29 01:29:04.294717','0003','feh260109'),('000300020010','0002','0010','2020-07-29 01:29:04.294717','0003','feh260110'),('000300020011','0002','0011','2020-07-29 01:29:04.294717','0003','feh260111'),('000300020012','0002','0012','2020-07-29 01:29:04.294717','0003','feh260112'),('000300020013','0002','0013','2020-07-29 01:29:04.294717','0003','feh260113'),('000300020014','0002','0014','2020-07-29 01:29:04.294717','0003','feh260114'),('000300020015','0002','0015','2020-07-29 01:29:04.294717','0003','feh260115'),('000300020016','0002','0016','2020-07-29 01:29:04.294717','0003','feh260116'),('000300020017','0002','0017','2020-07-29 01:29:04.294717','0003','feh260117'),('000300020018','0002','0018','2020-07-29 01:29:04.294717','0003','feh260118'),('000300020019','0002','0019','2020-07-29 01:29:04.294717','0003','feh260119'),('000300020020','0002','0020','2020-07-29 01:29:04.294717','0003','feh260120'),('000300020021','0002','0021','2020-07-29 01:29:04.294717','0003','feh260121'),('000300020022','0002','0022','2020-07-29 01:29:04.294717','0003','feh260122'),('000300020023','0002','0023','2020-07-29 01:29:04.294717','0003','feh260123'),('000300020024','0002','0024','2020-07-29 01:29:04.294717','0003','feh260124'),('000300020025','0002','0025','2020-07-29 01:29:04.294717','0003','feh260125'),('000300020026','0002','0026','2020-07-29 01:29:04.294717','0003','feh260126'),('000300020027','0002','0027','2020-07-29 01:29:04.294717','0003','feh260127'),('000300020028','0002','0028','2020-07-29 01:29:04.294717','0003','feh260128'),('000300020029','0002','0029','2020-07-29 01:29:04.294717','0003','feh260129'),('000300020030','0002','0030','2020-07-29 01:29:04.294717','0003','feh260130'),('000300020031','0002','0031','2020-07-29 01:29:04.294717','0003','feh260131'),('000300020032','0002','0032','2020-07-29 01:29:04.294717','0003','feh260132'),('000300020033','0002','0033','2020-07-29 01:29:04.294717','0003','feh260133'),('000300020034','0002','0034','2020-07-29 01:29:04.294717','0003','feh260134'),('000300020035','0002','0035','2020-07-29 01:29:04.294717','0003','feh260135'),('000300020036','0002','0036','2020-07-29 01:29:04.294717','0003','feh260136'),('000300020037','0002','0037','2020-07-29 01:29:04.294717','0003','feh260137'),('000300020038','0002','0038','2020-07-29 01:29:04.294717','0003','feh260138'),('000300020039','0002','0039','2020-07-29 01:29:04.294717','0003','feh260139'),('000300020040','0002','0040','2020-07-29 01:29:04.294717','0003','feh260140'),('000300020041','0002','0041','2020-07-29 01:29:04.294717','0003','feh260141'),('000300020042','0002','0042','2020-07-29 01:29:04.294717','0003','feh260142'),('000300020043','0002','0043','2020-07-29 01:29:04.294717','0003','feh260143'),('000300020044','0002','0044','2020-07-29 01:29:04.294717','0003','feh260144'),('000300020045','0002','0045','2020-07-29 01:29:04.294717','0003','feh260145'),('000300020046','0002','0046','2020-07-29 01:29:04.294717','0003','feh260146'),('000300020047','0002','0047','2020-07-29 01:29:04.294717','0003','feh260147'),('000300020048','0002','0048','2020-07-29 01:29:04.294717','0003','feh260148'),('000300020049','0002','0049','2020-07-29 01:29:04.294717','0003','feh260149'),('000300020050','0002','0050','2020-07-29 01:29:04.294717','0003','feh260150'),('000300020051','0002','0051','2020-07-29 01:29:04.294717','0003','feh260151'),('000300020052','0002','0052','2020-07-29 01:29:04.294717','0003','feh260152'),('000300020053','0002','0053','2020-07-29 01:29:04.294717','0003','feh260153'),('000300020054','0002','0054','2020-07-29 01:29:04.294717','0003','feh260154'),('000300020055','0002','0055','2020-07-29 01:29:04.294717','0003','feh260155'),('000300020056','0002','0056','2020-07-29 01:29:04.294717','0003','feh260156'),('000300020057','0002','0057','2020-07-29 01:29:04.294717','0003','feh260157'),('000300020058','0002','0058','2020-07-29 01:29:04.294717','0003','feh260158'),('000300020059','0002','0059','2020-07-29 01:29:04.294717','0003','feh260159'),('000300020060','0002','0060','2020-07-29 01:29:04.294717','0003','feh260160'),('000300020061','0002','0061','2020-07-29 01:29:04.294717','0003','feh260161'),('000300020062','0002','0062','2020-07-29 01:29:04.294717','0003','feh260162'),('000300020063','0002','0063','2020-07-29 01:29:04.294717','0003','feh260163'),('000300020064','0002','0064','2020-07-29 01:29:04.294717','0003','feh260164'),('000300020065','0002','0065','2020-07-29 01:29:04.294717','0003','feh260165'),('000300020066','0002','0066','2020-07-29 01:29:04.294717','0003','feh260166'),('000300020067','0002','0067','2020-07-29 01:29:04.294717','0003','feh260167'),('000300020068','0002','0068','2020-07-29 01:29:04.294717','0003','feh260168'),('000300020069','0002','0069','2020-07-29 01:29:04.294717','0003','feh260169'),('000300020070','0002','0070','2020-07-29 01:29:04.294717','0003','feh260170'),('000300020071','0002','0071','2020-07-29 01:29:04.294717','0003','feh260171'),('000300020072','0002','0072','2020-07-29 01:29:04.294717','0003','feh260172'),('000300020073','0002','0073','2020-07-29 01:29:04.294717','0003','feh260173'),('000300020074','0002','0074','2020-07-29 01:29:04.294717','0003','feh260174'),('000300020075','0002','0075','2020-07-29 01:29:04.294717','0003','feh260175'),('000300020076','0002','0076','2020-07-29 01:29:04.294717','0003','feh260176'),('000300020077','0002','0077','2020-07-29 01:29:04.294717','0003','feh260177'),('000300020078','0002','0078','2020-07-29 01:29:04.294717','0003','feh260178'),('000300020079','0002','0079','2020-07-29 01:29:04.294717','0003','feh260179'),('000300020080','0002','0080','2020-07-29 01:29:04.294717','0003','feh260180'),('000300030001','0003','0001','2020-07-29 01:29:11.125881','0003','feh250201'),('000300030002','0003','0002','2020-07-29 01:29:11.125881','0003','feh250202'),('000300030003','0003','0003','2020-07-29 01:29:11.125881','0003','feh250203'),('000300030004','0003','0004','2020-07-29 01:29:11.125881','0003','feh250204'),('000300030005','0003','0005','2020-07-29 01:29:11.125881','0003','feh250205'),('000300030006','0003','0006','2020-07-29 01:29:11.125881','0003','feh250206'),('000300030007','0003','0007','2020-07-29 01:29:11.125881','0003','feh250207'),('000300030008','0003','0008','2020-07-29 01:29:11.125881','0003','feh250208'),('000300030009','0003','0009','2020-07-29 01:29:11.125881','0003','feh250209'),('000300030010','0003','0010','2020-07-29 01:29:11.125881','0003','feh250210'),('000300030011','0003','0011','2020-07-29 01:29:11.125881','0003','feh250211'),('000300030012','0003','0012','2020-07-29 01:29:11.125881','0003','feh250212'),('000300030013','0003','0013','2020-07-29 01:29:11.125881','0003','feh250213'),('000300030014','0003','0014','2020-07-29 01:29:11.125881','0003','feh250214'),('000300030015','0003','0015','2020-07-29 01:29:11.125881','0003','feh250215'),('000300030016','0003','0016','2020-07-29 01:29:11.125881','0003','feh250216'),('000300030017','0003','0017','2020-07-29 01:29:11.125881','0003','feh250217'),('000300030018','0003','0018','2020-07-29 01:29:11.125881','0003','feh250218'),('000300030019','0003','0019','2020-07-29 01:29:11.125881','0003','feh250219'),('000300030020','0003','0020','2020-07-29 01:29:11.125881','0003','feh250220'),('000300030021','0003','0021','2020-07-29 01:29:11.125881','0003','feh250221'),('000300030022','0003','0022','2020-07-29 01:29:11.125881','0003','feh250222'),('000300030023','0003','0023','2020-07-29 01:29:11.125881','0003','feh250223'),('000300030024','0003','0024','2020-07-29 01:29:11.125881','0003','feh250224'),('000300030025','0003','0025','2020-07-29 01:29:11.125881','0003','feh250225'),('000300030026','0003','0026','2020-07-29 01:29:11.125881','0003','feh250226'),('000300030027','0003','0027','2020-07-29 01:29:11.125881','0003','feh250227'),('000300030028','0003','0028','2020-07-29 01:29:11.125881','0003','feh250228'),('000300030029','0003','0029','2020-07-29 01:29:11.125881','0003','feh250229'),('000300030030','0003','0030','2020-07-29 01:29:11.125881','0003','feh250230'),('000300030031','0003','0031','2020-07-29 01:29:11.125881','0003','feh250231'),('000300030032','0003','0032','2020-07-29 01:29:11.125881','0003','feh250232'),('000300030033','0003','0033','2020-07-29 01:29:11.125881','0003','feh250233'),('000300030034','0003','0034','2020-07-29 01:29:11.125881','0003','feh250234'),('000300030035','0003','0035','2020-07-29 01:29:11.125881','0003','feh250235'),('000300030036','0003','0036','2020-07-29 01:29:11.125881','0003','feh250236'),('000300030037','0003','0037','2020-07-29 01:29:11.125881','0003','feh250237'),('000300030038','0003','0038','2020-07-29 01:29:11.125881','0003','feh250238'),('000300030039','0003','0039','2020-07-29 01:29:11.125881','0003','feh250239'),('000300030040','0003','0040','2020-07-29 01:29:11.125881','0003','feh250240'),('000300030041','0003','0041','2020-07-29 01:29:11.125881','0003','feh250241'),('000300030042','0003','0042','2020-07-29 01:29:11.125881','0003','feh250242'),('000300030043','0003','0043','2020-07-29 01:29:11.125881','0003','feh250243'),('000300030044','0003','0044','2020-07-29 01:29:11.125881','0003','feh250244'),('000300030045','0003','0045','2020-07-29 01:29:11.125881','0003','feh250245'),('000300030046','0003','0046','2020-07-29 01:29:11.125881','0003','feh250246'),('000300030047','0003','0047','2020-07-29 01:29:11.125881','0003','feh250247'),('000300030048','0003','0048','2020-07-29 01:29:11.125881','0003','feh250248'),('000300030049','0003','0049','2020-07-29 01:29:11.125881','0003','feh250249'),('000300030050','0003','0050','2020-07-29 01:29:11.125881','0003','feh250250'),('000300030051','0003','0051','2020-07-29 01:29:11.125881','0003','feh250251'),('000300030052','0003','0052','2020-07-29 01:29:11.125881','0003','feh250252'),('000300030053','0003','0053','2020-07-29 01:29:11.125881','0003','feh250253'),('000300030054','0003','0054','2020-07-29 01:29:11.125881','0003','feh250254'),('000300030055','0003','0055','2020-07-29 01:29:11.125881','0003','feh250255'),('000300030056','0003','0056','2020-07-29 01:29:11.125881','0003','feh250256'),('000300030057','0003','0057','2020-07-29 01:29:11.125881','0003','feh250257'),('000300030058','0003','0058','2020-07-29 01:29:11.125881','0003','feh250258'),('000300030059','0003','0059','2020-07-29 01:29:11.125881','0003','feh250259'),('000300030060','0003','0060','2020-07-29 01:29:11.125881','0003','feh250260'),('000300030061','0003','0061','2020-07-29 01:29:11.125881','0003','feh250261'),('000300030062','0003','0062','2020-07-29 01:29:11.125881','0003','feh250262'),('000300030063','0003','0063','2020-07-29 01:29:11.125881','0003','feh250263'),('000300030064','0003','0064','2020-07-29 01:29:11.125881','0003','feh250264'),('000300030065','0003','0065','2020-07-29 01:29:11.125881','0003','feh250265'),('000300030066','0003','0066','2020-07-29 01:29:11.125881','0003','feh250266'),('000300030067','0003','0067','2020-07-29 01:29:11.125881','0003','feh250267'),('000300030068','0003','0068','2020-07-29 01:29:11.125881','0003','feh250268'),('000300030069','0003','0069','2020-07-29 01:29:11.125881','0003','feh250269'),('000300030070','0003','0070','2020-07-29 01:29:11.125881','0003','feh250270'),('000300030071','0003','0071','2020-07-29 01:29:11.125881','0003','feh250271'),('000300030072','0003','0072','2020-07-29 01:29:11.125881','0003','feh250272'),('000300030073','0003','0073','2020-07-29 01:29:11.125881','0003','feh250273'),('000300030074','0003','0074','2020-07-29 01:29:11.125881','0003','feh250274'),('000300030075','0003','0075','2020-07-29 01:29:11.125881','0003','feh250275'),('000300030076','0003','0076','2020-07-29 01:29:11.125881','0003','feh250276'),('000300030077','0003','0077','2020-07-29 01:29:11.125881','0003','feh250277'),('000300030078','0003','0078','2020-07-29 01:29:11.125881','0003','feh250278'),('000300030079','0003','0079','2020-07-29 01:29:11.125881','0003','feh250279'),('000300030080','0003','0080','2020-07-29 01:29:11.125881','0003','feh250280'),('000300040001','0004','0001','2020-07-29 01:29:16.734421','0003','feh250101'),('000300040002','0004','0002','2020-07-29 01:29:16.734421','0003','feh250102'),('000300040003','0004','0003','2020-07-29 01:29:16.734421','0003','feh250103'),('000300040004','0004','0004','2020-07-29 01:29:16.734421','0003','feh250104'),('000300040005','0004','0005','2020-07-29 01:29:16.734421','0003','feh250105'),('000300040006','0004','0006','2020-07-29 01:29:16.734421','0003','feh250106'),('000300040007','0004','0007','2020-07-29 01:29:16.734421','0003','feh250107'),('000300040008','0004','0008','2020-07-29 01:29:16.734421','0003','feh250108'),('000300040009','0004','0009','2020-07-29 01:29:16.734421','0003','feh250109'),('000300040010','0004','0010','2020-07-29 01:29:16.734421','0003','feh250110'),('000300040011','0004','0011','2020-07-29 01:29:16.734421','0003','feh250111'),('000300040012','0004','0012','2020-07-29 01:29:16.734421','0003','feh250112'),('000300040013','0004','0013','2020-07-29 01:29:16.734421','0003','feh250113'),('000300040014','0004','0014','2020-07-29 01:29:16.734421','0003','feh250114'),('000300040015','0004','0015','2020-07-29 01:29:16.734421','0003','feh250115'),('000300040016','0004','0016','2020-07-29 01:29:16.734421','0003','feh250116'),('000300040017','0004','0017','2020-07-29 01:29:16.734421','0003','feh250117'),('000300040018','0004','0018','2020-07-29 01:29:16.734421','0003','feh250118'),('000300040019','0004','0019','2020-07-29 01:29:16.734421','0003','feh250119'),('000300040020','0004','0020','2020-07-29 01:29:16.734421','0003','feh250120'),('000300040021','0004','0021','2020-07-29 01:29:16.734421','0003','feh250121'),('000300040022','0004','0022','2020-07-29 01:29:16.734421','0003','feh250122'),('000300040023','0004','0023','2020-07-29 01:29:16.734421','0003','feh250123'),('000300040024','0004','0024','2020-07-29 01:29:16.734421','0003','feh250124'),('000300040025','0004','0025','2020-07-29 01:29:16.734421','0003','feh250125'),('000300040026','0004','0026','2020-07-29 01:29:16.734421','0003','feh250126'),('000300040027','0004','0027','2020-07-29 01:29:16.734421','0003','feh250127'),('000300040028','0004','0028','2020-07-29 01:29:16.734421','0003','feh250128'),('000300040029','0004','0029','2020-07-29 01:29:16.734421','0003','feh250129'),('000300040030','0004','0030','2020-07-29 01:29:16.734421','0003','feh250130'),('000300040031','0004','0031','2020-07-29 01:29:16.734421','0003','feh250131'),('000300040032','0004','0032','2020-07-29 01:29:16.734421','0003','feh250132'),('000300040033','0004','0033','2020-07-29 01:29:16.734421','0003','feh250133'),('000300040034','0004','0034','2020-07-29 01:29:16.734421','0003','feh250134'),('000300040035','0004','0035','2020-07-29 01:29:16.734421','0003','feh250135'),('000300040036','0004','0036','2020-07-29 01:29:16.734421','0003','feh250136'),('000300040037','0004','0037','2020-07-29 01:29:16.734421','0003','feh250137'),('000300040038','0004','0038','2020-07-29 01:29:16.734421','0003','feh250138'),('000300040039','0004','0039','2020-07-29 01:29:16.734421','0003','feh250139'),('000300040040','0004','0040','2020-07-29 01:29:16.734421','0003','feh250140'),('000300040041','0004','0041','2020-07-29 01:29:16.734421','0003','feh250141'),('000300040042','0004','0042','2020-07-29 01:29:16.734421','0003','feh250142'),('000300040043','0004','0043','2020-07-29 01:29:16.734421','0003','feh250143'),('000300040044','0004','0044','2020-07-29 01:29:16.734421','0003','feh250144'),('000300040045','0004','0045','2020-07-29 01:29:16.734421','0003','feh250145'),('000300040046','0004','0046','2020-07-29 01:29:16.734421','0003','feh250146'),('000300040047','0004','0047','2020-07-29 01:29:16.734421','0003','feh250147'),('000300040048','0004','0048','2020-07-29 01:29:16.734421','0003','feh250148'),('000300040049','0004','0049','2020-07-29 01:29:16.734421','0003','feh250149'),('000300040050','0004','0050','2020-07-29 01:29:16.734421','0003','feh250150'),('000300040051','0004','0051','2020-07-29 01:29:16.734421','0003','feh250151'),('000300040052','0004','0052','2020-07-29 01:29:16.734421','0003','feh250152'),('000300040053','0004','0053','2020-07-29 01:29:16.734421','0003','feh250153'),('000300040054','0004','0054','2020-07-29 01:29:16.734421','0003','feh250154'),('000300040055','0004','0055','2020-07-29 01:29:16.734421','0003','feh250155'),('000300040056','0004','0056','2020-07-29 01:29:16.734421','0003','feh250156'),('000300040057','0004','0057','2020-07-29 01:29:16.734421','0003','feh250157'),('000300040058','0004','0058','2020-07-29 01:29:16.734421','0003','feh250158'),('000300040059','0004','0059','2020-07-29 01:29:16.734421','0003','feh250159'),('000300040060','0004','0060','2020-07-29 01:29:16.734421','0003','feh250160'),('000300040061','0004','0061','2020-07-29 01:29:16.734421','0003','feh250161'),('000300040062','0004','0062','2020-07-29 01:29:16.734421','0003','feh250162'),('000300040063','0004','0063','2020-07-29 01:29:16.734421','0003','feh250163'),('000300040064','0004','0064','2020-07-29 01:29:16.734421','0003','feh250164'),('000300040065','0004','0065','2020-07-29 01:29:16.734421','0003','feh250165'),('000300040066','0004','0066','2020-07-29 01:29:16.734421','0003','feh250166'),('000300040067','0004','0067','2020-07-29 01:29:16.734421','0003','feh250167'),('000300040068','0004','0068','2020-07-29 01:29:16.734421','0003','feh250168'),('000300040069','0004','0069','2020-07-29 01:29:16.734421','0003','feh250169'),('000300040070','0004','0070','2020-07-29 01:29:16.734421','0003','feh250170'),('000300040071','0004','0071','2020-07-29 01:29:16.734421','0003','feh250171'),('000300040072','0004','0072','2020-07-29 01:29:16.734421','0003','feh250172'),('000300040073','0004','0073','2020-07-29 01:29:16.734421','0003','feh250173'),('000300040074','0004','0074','2020-07-29 01:29:16.734421','0003','feh250174'),('000300040075','0004','0075','2020-07-29 01:29:16.734421','0003','feh250175'),('000300040076','0004','0076','2020-07-29 01:29:16.734421','0003','feh250176'),('000300040077','0004','0077','2020-07-29 01:29:16.734421','0003','feh250177'),('000300040078','0004','0078','2020-07-29 01:29:16.734421','0003','feh250178'),('000300040079','0004','0079','2020-07-29 01:29:16.734421','0003','feh250179'),('000300040080','0004','0080','2020-07-29 01:29:16.734421','0003','feh250180'),('000300050001','0005','0001','2020-07-29 01:29:20.878352','0003','feh240201'),('000300050002','0005','0002','2020-07-29 01:29:20.878352','0003','feh240202'),('000300050003','0005','0003','2020-07-29 01:29:20.878352','0003','feh240203'),('000300050004','0005','0004','2020-07-29 01:29:20.878352','0003','feh240204'),('000300050005','0005','0005','2020-07-29 01:29:20.878352','0003','feh240205'),('000300050006','0005','0006','2020-07-29 01:29:20.878352','0003','feh240206'),('000300050007','0005','0007','2020-07-29 01:29:20.878352','0003','feh240207'),('000300050008','0005','0008','2020-07-29 01:29:20.878352','0003','feh240208'),('000300050009','0005','0009','2020-07-29 01:29:20.878352','0003','feh240209'),('000300050010','0005','0010','2020-07-29 01:29:20.878352','0003','feh240210'),('000300050011','0005','0011','2020-07-29 01:29:20.878352','0003','feh240211'),('000300050012','0005','0012','2020-07-29 01:29:20.878352','0003','feh240212'),('000300050013','0005','0013','2020-07-29 01:29:20.878352','0003','feh240213'),('000300050014','0005','0014','2020-07-29 01:29:20.878352','0003','feh240214'),('000300050015','0005','0015','2020-07-29 01:29:20.878352','0003','feh240215'),('000300050016','0005','0016','2020-07-29 01:29:20.878352','0003','feh240216'),('000300050017','0005','0017','2020-07-29 01:29:20.878352','0003','feh240217'),('000300050018','0005','0018','2020-07-29 01:29:20.878352','0003','feh240218'),('000300050019','0005','0019','2020-07-29 01:29:20.878352','0003','feh240219'),('000300050020','0005','0020','2020-07-29 01:29:20.878352','0003','feh240220'),('000300050021','0005','0021','2020-07-29 01:29:20.878352','0003','feh240221'),('000300050022','0005','0022','2020-07-29 01:29:20.878352','0003','feh240222'),('000300050023','0005','0023','2020-07-29 01:29:20.878352','0003','feh240223'),('000300050024','0005','0024','2020-07-29 01:29:20.878352','0003','feh240224'),('000300050025','0005','0025','2020-07-29 01:29:20.878352','0003','feh240225'),('000300050026','0005','0026','2020-07-29 01:29:20.878352','0003','feh240226'),('000300050027','0005','0027','2020-07-29 01:29:20.878352','0003','feh240227'),('000300050028','0005','0028','2020-07-29 01:29:20.878352','0003','feh240228'),('000300050029','0005','0029','2020-07-29 01:29:20.878352','0003','feh240229'),('000300050030','0005','0030','2020-07-29 01:29:20.878352','0003','feh240230'),('000300050031','0005','0031','2020-07-29 01:29:20.878352','0003','feh240231'),('000300050032','0005','0032','2020-07-29 01:29:20.878352','0003','feh240232'),('000300050033','0005','0033','2020-07-29 01:29:20.878352','0003','feh240233'),('000300050034','0005','0034','2020-07-29 01:29:20.878352','0003','feh240234'),('000300050035','0005','0035','2020-07-29 01:29:20.878352','0003','feh240235'),('000300050036','0005','0036','2020-07-29 01:29:20.878352','0003','feh240236'),('000300050037','0005','0037','2020-07-29 01:29:20.878352','0003','feh240237'),('000300050038','0005','0038','2020-07-29 01:29:20.878352','0003','feh240238'),('000300050039','0005','0039','2020-07-29 01:29:20.878352','0003','feh240239'),('000300050040','0005','0040','2020-07-29 01:29:20.878352','0003','feh240240'),('000300050041','0005','0041','2020-07-29 01:29:20.878352','0003','feh240241'),('000300050042','0005','0042','2020-07-29 01:29:20.878352','0003','feh240242'),('000300050043','0005','0043','2020-07-29 01:29:20.878352','0003','feh240243'),('000300050044','0005','0044','2020-07-29 01:29:20.878352','0003','feh240244'),('000300050045','0005','0045','2020-07-29 01:29:20.878352','0003','feh240245'),('000300050046','0005','0046','2020-07-29 01:29:20.878352','0003','feh240246'),('000300050047','0005','0047','2020-07-29 01:29:20.878352','0003','feh240247'),('000300050048','0005','0048','2020-07-29 01:29:20.878352','0003','feh240248'),('000300050049','0005','0049','2020-07-29 01:29:20.878352','0003','feh240249'),('000300050050','0005','0050','2020-07-29 01:29:20.878352','0003','feh240250'),('000300050051','0005','0051','2020-07-29 01:29:20.878352','0003','feh240251'),('000300050052','0005','0052','2020-07-29 01:29:20.878352','0003','feh240252'),('000300050053','0005','0053','2020-07-29 01:29:20.878352','0003','feh240253'),('000300050054','0005','0054','2020-07-29 01:29:20.878352','0003','feh240254'),('000300050055','0005','0055','2020-07-29 01:29:20.878352','0003','feh240255'),('000300050056','0005','0056','2020-07-29 01:29:20.878352','0003','feh240256'),('000300050057','0005','0057','2020-07-29 01:29:20.878352','0003','feh240257'),('000300050058','0005','0058','2020-07-29 01:29:20.878352','0003','feh240258'),('000300050059','0005','0059','2020-07-29 01:29:20.878352','0003','feh240259'),('000300050060','0005','0060','2020-07-29 01:29:20.878352','0003','feh240260'),('000300050061','0005','0061','2020-07-29 01:29:20.878352','0003','feh240261'),('000300050062','0005','0062','2020-07-29 01:29:20.878352','0003','feh240262'),('000300050063','0005','0063','2020-07-29 01:29:20.878352','0003','feh240263'),('000300050064','0005','0064','2020-07-29 01:29:20.878352','0003','feh240264'),('000300050065','0005','0065','2020-07-29 01:29:20.878352','0003','feh240265'),('000300050066','0005','0066','2020-07-29 01:29:20.878352','0003','feh240266'),('000300050067','0005','0067','2020-07-29 01:29:20.878352','0003','feh240267'),('000300050068','0005','0068','2020-07-29 01:29:20.878352','0003','feh240268'),('000300050069','0005','0069','2020-07-29 01:29:20.878352','0003','feh240269'),('000300050070','0005','0070','2020-07-29 01:29:20.878352','0003','feh240270'),('000300050071','0005','0071','2020-07-29 01:29:20.878352','0003','feh240271'),('000300050072','0005','0072','2020-07-29 01:29:20.878352','0003','feh240272'),('000300050073','0005','0073','2020-07-29 01:29:20.878352','0003','feh240273'),('000300050074','0005','0074','2020-07-29 01:29:20.878352','0003','feh240274'),('000300050075','0005','0075','2020-07-29 01:29:20.878352','0003','feh240275'),('000300050076','0005','0076','2020-07-29 01:29:20.878352','0003','feh240276'),('000300050077','0005','0077','2020-07-29 01:29:20.878352','0003','feh240277'),('000300050078','0005','0078','2020-07-29 01:29:20.878352','0003','feh240278'),('000300050079','0005','0079','2020-07-29 01:29:20.878352','0003','feh240279'),('000300050080','0005','0080','2020-07-29 01:29:20.878352','0003','feh240280'),('000300060001','0006','0001','2020-07-29 01:29:24.228111','0003','feh240101'),('000300060002','0006','0002','2020-07-29 01:29:24.228111','0003','feh240102'),('000300060003','0006','0003','2020-07-29 01:29:24.228111','0003','feh240103'),('000300060004','0006','0004','2020-07-29 01:29:24.228111','0003','feh240104'),('000300060005','0006','0005','2020-07-29 01:29:24.228111','0003','feh240105'),('000300060006','0006','0006','2020-07-29 01:29:24.228111','0003','feh240106'),('000300060007','0006','0007','2020-07-29 01:29:24.228111','0003','feh240107'),('000300060008','0006','0008','2020-07-29 01:29:24.228111','0003','feh240108'),('000300060009','0006','0009','2020-07-29 01:29:24.228111','0003','feh240109'),('000300060010','0006','0010','2020-07-29 01:29:24.228111','0003','feh240110'),('000300060011','0006','0011','2020-07-29 01:29:24.228111','0003','feh240111'),('000300060012','0006','0012','2020-07-29 01:29:24.228111','0003','feh240112'),('000300060013','0006','0013','2020-07-29 01:29:24.228111','0003','feh240113'),('000300060014','0006','0014','2020-07-29 01:29:24.228111','0003','feh240114'),('000300060015','0006','0015','2020-07-29 01:29:24.228111','0003','feh240115'),('000300060016','0006','0016','2020-07-29 01:29:24.228111','0003','feh240116'),('000300060017','0006','0017','2020-07-29 01:29:24.228111','0003','feh240117'),('000300060018','0006','0018','2020-07-29 01:29:24.228111','0003','feh240118'),('000300060019','0006','0019','2020-07-29 01:29:24.228111','0003','feh240119'),('000300060020','0006','0020','2020-07-29 01:29:24.228111','0003','feh240120'),('000300060021','0006','0021','2020-07-29 01:29:24.228111','0003','feh240121'),('000300060022','0006','0022','2020-07-29 01:29:24.228111','0003','feh240122'),('000300060023','0006','0023','2020-07-29 01:29:24.228111','0003','feh240123'),('000300060024','0006','0024','2020-07-29 01:29:24.228111','0003','feh240124'),('000300060025','0006','0025','2020-07-29 01:29:24.228111','0003','feh240125'),('000300060026','0006','0026','2020-07-29 01:29:24.228111','0003','feh240126'),('000300060027','0006','0027','2020-07-29 01:29:24.228111','0003','feh240127'),('000300060028','0006','0028','2020-07-29 01:29:24.228111','0003','feh240128'),('000300060029','0006','0029','2020-07-29 01:29:24.228111','0003','feh240129'),('000300060030','0006','0030','2020-07-29 01:29:24.228111','0003','feh240130'),('000300060031','0006','0031','2020-07-29 01:29:24.228111','0003','feh240131'),('000300060032','0006','0032','2020-07-29 01:29:24.228111','0003','feh240132'),('000300060033','0006','0033','2020-07-29 01:29:24.228111','0003','feh240133'),('000300060034','0006','0034','2020-07-29 01:29:24.228111','0003','feh240134'),('000300060035','0006','0035','2020-07-29 01:29:24.228111','0003','feh240135'),('000300060036','0006','0036','2020-07-29 01:29:24.228111','0003','feh240136'),('000300060037','0006','0037','2020-07-29 01:29:24.228111','0003','feh240137'),('000300060038','0006','0038','2020-07-29 01:29:24.228111','0003','feh240138'),('000300060039','0006','0039','2020-07-29 01:29:24.228111','0003','feh240139'),('000300060040','0006','0040','2020-07-29 01:29:24.228111','0003','feh240140'),('000300060041','0006','0041','2020-07-29 01:29:24.228111','0003','feh240141'),('000300060042','0006','0042','2020-07-29 01:29:24.228111','0003','feh240142'),('000300060043','0006','0043','2020-07-29 01:29:24.228111','0003','feh240143'),('000300060044','0006','0044','2020-07-29 01:29:24.228111','0003','feh240144'),('000300060045','0006','0045','2020-07-29 01:29:24.228111','0003','feh240145'),('000300060046','0006','0046','2020-07-29 01:29:24.228111','0003','feh240146'),('000300060047','0006','0047','2020-07-29 01:29:24.228111','0003','feh240147'),('000300060048','0006','0048','2020-07-29 01:29:24.228111','0003','feh240148'),('000300060049','0006','0049','2020-07-29 01:29:24.228111','0003','feh240149'),('000300060050','0006','0050','2020-07-29 01:29:24.228111','0003','feh240150'),('000300060051','0006','0051','2020-07-29 01:29:24.228111','0003','feh240151'),('000300060052','0006','0052','2020-07-29 01:29:24.228111','0003','feh240152'),('000300060053','0006','0053','2020-07-29 01:29:24.228111','0003','feh240153'),('000300060054','0006','0054','2020-07-29 01:29:24.228111','0003','feh240154'),('000300060055','0006','0055','2020-07-29 01:29:24.228111','0003','feh240155'),('000300060056','0006','0056','2020-07-29 01:29:24.228111','0003','feh240156'),('000300060057','0006','0057','2020-07-29 01:29:24.228111','0003','feh240157'),('000300060058','0006','0058','2020-07-29 01:29:24.228111','0003','feh240158'),('000300060059','0006','0059','2020-07-29 01:29:24.228111','0003','feh240159'),('000300060060','0006','0060','2020-07-29 01:29:24.228111','0003','feh240160'),('000300060061','0006','0061','2020-07-29 01:29:24.228111','0003','feh240161'),('000300060062','0006','0062','2020-07-29 01:29:24.228111','0003','feh240162'),('000300060063','0006','0063','2020-07-29 01:29:24.228111','0003','feh240163'),('000300060064','0006','0064','2020-07-29 01:29:24.228111','0003','feh240164'),('000300060065','0006','0065','2020-07-29 01:29:24.228111','0003','feh240165'),('000300060066','0006','0066','2020-07-29 01:29:24.228111','0003','feh240166'),('000300060067','0006','0067','2020-07-29 01:29:24.228111','0003','feh240167'),('000300060068','0006','0068','2020-07-29 01:29:24.228111','0003','feh240168'),('000300060069','0006','0069','2020-07-29 01:29:24.228111','0003','feh240169'),('000300060070','0006','0070','2020-07-29 01:29:24.228111','0003','feh240170'),('000300060071','0006','0071','2020-07-29 01:29:24.228111','0003','feh240171'),('000300060072','0006','0072','2020-07-29 01:29:24.228111','0003','feh240172'),('000300060073','0006','0073','2020-07-29 01:29:24.228111','0003','feh240173'),('000300060074','0006','0074','2020-07-29 01:29:24.228111','0003','feh240174'),('000300060075','0006','0075','2020-07-29 01:29:24.228111','0003','feh240175'),('000300060076','0006','0076','2020-07-29 01:29:24.228111','0003','feh240176'),('000300060077','0006','0077','2020-07-29 01:29:24.228111','0003','feh240177'),('000300060078','0006','0078','2020-07-29 01:29:24.228111','0003','feh240178'),('000300060079','0006','0079','2020-07-29 01:29:24.228111','0003','feh240179'),('000300060080','0006','0080','2020-07-29 01:29:24.228111','0003','feh240180'),('000300070001','0007','0001','2020-07-29 01:29:27.566021','0003','feh270201'),('000300070002','0007','0002','2020-07-29 01:29:27.566021','0003','feh270202'),('000300070003','0007','0003','2020-07-29 01:29:27.566021','0003','feh270203'),('000300070004','0007','0004','2020-07-29 01:29:27.566021','0003','feh270204'),('000300070005','0007','0005','2020-07-29 01:29:27.566021','0003','feh270205'),('000300070006','0007','0006','2020-07-29 01:29:27.566021','0003','feh270206'),('000300070007','0007','0007','2020-07-29 01:29:27.566021','0003','feh270207'),('000300070008','0007','0008','2020-07-29 01:29:27.566021','0003','feh270208'),('000300070009','0007','0009','2020-07-29 01:29:27.566021','0003','feh270209'),('000300070010','0007','0010','2020-07-29 01:29:27.566021','0003','feh270210'),('000300070011','0007','0011','2020-07-29 01:29:27.566021','0003','feh270211'),('000300070012','0007','0012','2020-07-29 01:29:27.566021','0003','feh270212'),('000300070013','0007','0013','2020-07-29 01:29:27.566021','0003','feh270213'),('000300070014','0007','0014','2020-07-29 01:29:27.566021','0003','feh270214'),('000300070015','0007','0015','2020-07-29 01:29:27.566021','0003','feh270215'),('000300070016','0007','0016','2020-07-29 01:29:27.566021','0003','feh270216'),('000300070017','0007','0017','2020-07-29 01:29:27.566021','0003','feh270217'),('000300070018','0007','0018','2020-07-29 01:29:27.566021','0003','feh270218'),('000300070019','0007','0019','2020-07-29 01:29:27.566021','0003','feh270219'),('000300070020','0007','0020','2020-07-29 01:29:27.566021','0003','feh270220'),('000300070021','0007','0021','2020-07-29 01:29:27.566021','0003','feh270221'),('000300070022','0007','0022','2020-07-29 01:29:27.566021','0003','feh270222'),('000300070023','0007','0023','2020-07-29 01:29:27.566021','0003','feh270223'),('000300070024','0007','0024','2020-07-29 01:29:27.566021','0003','feh270224'),('000300070025','0007','0025','2020-07-29 01:29:27.566021','0003','feh270225'),('000300070026','0007','0026','2020-07-29 01:29:27.566021','0003','feh270226'),('000300070027','0007','0027','2020-07-29 01:29:27.566021','0003','feh270227'),('000300070028','0007','0028','2020-07-29 01:29:27.566021','0003','feh270228'),('000300070029','0007','0029','2020-07-29 01:29:27.566021','0003','feh270229'),('000300070030','0007','0030','2020-07-29 01:29:27.566021','0003','feh270230'),('000300070031','0007','0031','2020-07-29 01:29:27.566021','0003','feh270231'),('000300070032','0007','0032','2020-07-29 01:29:27.566021','0003','feh270232'),('000300070033','0007','0033','2020-07-29 01:29:27.566021','0003','feh270233'),('000300070034','0007','0034','2020-07-29 01:29:27.566021','0003','feh270234'),('000300070035','0007','0035','2020-07-29 01:29:27.566021','0003','feh270235'),('000300070036','0007','0036','2020-07-29 01:29:27.566021','0003','feh270236'),('000300070037','0007','0037','2020-07-29 01:29:27.566021','0003','feh270237'),('000300070038','0007','0038','2020-07-29 01:29:27.566021','0003','feh270238'),('000300070039','0007','0039','2020-07-29 01:29:27.566021','0003','feh270239'),('000300070040','0007','0040','2020-07-29 01:29:27.566021','0003','feh270240'),('000300070041','0007','0041','2020-07-29 01:29:27.566021','0003','feh270241'),('000300070042','0007','0042','2020-07-29 01:29:27.566021','0003','feh270242'),('000300070043','0007','0043','2020-07-29 01:29:27.566021','0003','feh270243'),('000300070044','0007','0044','2020-07-29 01:29:27.566021','0003','feh270244'),('000300070045','0007','0045','2020-07-29 01:29:27.566021','0003','feh270245'),('000300070046','0007','0046','2020-07-29 01:29:27.566021','0003','feh270246'),('000300070047','0007','0047','2020-07-29 01:29:27.566021','0003','feh270247'),('000300070048','0007','0048','2020-07-29 01:29:27.566021','0003','feh270248'),('000300070049','0007','0049','2020-07-29 01:29:27.566021','0003','feh270249'),('000300070050','0007','0050','2020-07-29 01:29:27.566021','0003','feh270250'),('000300070051','0007','0051','2020-07-29 01:29:27.566021','0003','feh270251'),('000300070052','0007','0052','2020-07-29 01:29:27.566021','0003','feh270252'),('000300070053','0007','0053','2020-07-29 01:29:27.566021','0003','feh270253'),('000300070054','0007','0054','2020-07-29 01:29:27.566021','0003','feh270254'),('000300070055','0007','0055','2020-07-29 01:29:27.566021','0003','feh270255'),('000300070056','0007','0056','2020-07-29 01:29:27.566021','0003','feh270256'),('000300070057','0007','0057','2020-07-29 01:29:27.566021','0003','feh270257'),('000300070058','0007','0058','2020-07-29 01:29:27.566021','0003','feh270258'),('000300070059','0007','0059','2020-07-29 01:29:27.566021','0003','feh270259'),('000300070060','0007','0060','2020-07-29 01:29:27.566021','0003','feh270260'),('000300070061','0007','0061','2020-07-29 01:29:27.566021','0003','feh270261'),('000300070062','0007','0062','2020-07-29 01:29:27.566021','0003','feh270262'),('000300070063','0007','0063','2020-07-29 01:29:27.566021','0003','feh270263'),('000300070064','0007','0064','2020-07-29 01:29:27.566021','0003','feh270264'),('000300070065','0007','0065','2020-07-29 01:29:27.566021','0003','feh270265'),('000300070066','0007','0066','2020-07-29 01:29:27.566021','0003','feh270266'),('000300070067','0007','0067','2020-07-29 01:29:27.566021','0003','feh270267'),('000300070068','0007','0068','2020-07-29 01:29:27.566021','0003','feh270268'),('000300070069','0007','0069','2020-07-29 01:29:27.566021','0003','feh270269'),('000300070070','0007','0070','2020-07-29 01:29:27.566021','0003','feh270270'),('000300070071','0007','0071','2020-07-29 01:29:27.566021','0003','feh270271'),('000300070072','0007','0072','2020-07-29 01:29:27.566021','0003','feh270272'),('000300070073','0007','0073','2020-07-29 01:29:27.566021','0003','feh270273'),('000300070074','0007','0074','2020-07-29 01:29:27.566021','0003','feh270274'),('000300070075','0007','0075','2020-07-29 01:29:27.566021','0003','feh270275'),('000300070076','0007','0076','2020-07-29 01:29:27.566021','0003','feh270276'),('000300070077','0007','0077','2020-07-29 01:29:27.566021','0003','feh270277'),('000300070078','0007','0078','2020-07-29 01:29:27.566021','0003','feh270278'),('000300070079','0007','0079','2020-07-29 01:29:27.566021','0003','feh270279'),('000300070080','0007','0080','2020-07-29 01:29:27.566021','0003','feh270280'),('000300080001','0008','0001','2020-07-29 01:29:33.423718','0003','feh300101'),('000300080002','0008','0002','2020-07-29 01:29:33.423718','0003','feh300102'),('000300080003','0008','0003','2020-07-29 01:29:33.423718','0003','feh300103'),('000300080004','0008','0004','2020-07-29 01:29:33.423718','0003','feh300104'),('000300080005','0008','0005','2020-07-29 01:29:33.423718','0003','feh300105'),('000300080006','0008','0006','2020-07-29 01:29:33.423718','0003','feh300106'),('000300080007','0008','0007','2020-07-29 01:29:33.423718','0003','feh300107'),('000300080008','0008','0008','2020-07-29 01:29:33.423718','0003','feh300108'),('000300080009','0008','0009','2020-07-29 01:29:33.423718','0003','feh300109'),('000300080010','0008','0010','2020-07-29 01:29:33.423718','0003','feh300110'),('000300080011','0008','0011','2020-07-29 01:29:33.423718','0003','feh300111'),('000300080012','0008','0012','2020-07-29 01:29:33.423718','0003','feh300112'),('000300080013','0008','0013','2020-07-29 01:29:33.423718','0003','feh300113'),('000300080014','0008','0014','2020-07-29 01:29:33.423718','0003','feh300114'),('000300080015','0008','0015','2020-07-29 01:29:33.423718','0003','feh300115'),('000300080016','0008','0016','2020-07-29 01:29:33.423718','0003','feh300116'),('000300080017','0008','0017','2020-07-29 01:29:33.423718','0003','feh300117'),('000300080018','0008','0018','2020-07-29 01:29:33.423718','0003','feh300118'),('000300080019','0008','0019','2020-07-29 01:29:33.423718','0003','feh300119'),('000300080020','0008','0020','2020-07-29 01:29:33.423718','0003','feh300120'),('000300080021','0008','0021','2020-07-29 01:29:33.423718','0003','feh300121'),('000300080022','0008','0022','2020-07-29 01:29:33.423718','0003','feh300122'),('000300080023','0008','0023','2020-07-29 01:29:33.423718','0003','feh300123'),('000300080024','0008','0024','2020-07-29 01:29:33.423718','0003','feh300124'),('000300080025','0008','0025','2020-07-29 01:29:33.423718','0003','feh300125'),('000300080026','0008','0026','2020-07-29 01:29:33.423718','0003','feh300126'),('000300080027','0008','0027','2020-07-29 01:29:33.423718','0003','feh300127'),('000300080028','0008','0028','2020-07-29 01:29:33.423718','0003','feh300128'),('000300080029','0008','0029','2020-07-29 01:29:33.423718','0003','feh300129'),('000300080030','0008','0030','2020-07-29 01:29:33.423718','0003','feh300130'),('000300080031','0008','0031','2020-07-29 01:29:33.423718','0003','feh300131'),('000300080032','0008','0032','2020-07-29 01:29:33.423718','0003','feh300132'),('000300080033','0008','0033','2020-07-29 01:29:33.423718','0003','feh300133'),('000300080034','0008','0034','2020-07-29 01:29:33.423718','0003','feh300134'),('000300080035','0008','0035','2020-07-29 01:29:33.423718','0003','feh300135'),('000300080036','0008','0036','2020-07-29 01:29:33.423718','0003','feh300136'),('000300080037','0008','0037','2020-07-29 01:29:33.423718','0003','feh300137'),('000300080038','0008','0038','2020-07-29 01:29:33.423718','0003','feh300138'),('000300080039','0008','0039','2020-07-29 01:29:33.423718','0003','feh300139'),('000300080040','0008','0040','2020-07-29 01:29:33.423718','0003','feh300140'),('000300080041','0008','0041','2020-07-29 01:29:33.423718','0003','feh300141'),('000300080042','0008','0042','2020-07-29 01:29:33.423718','0003','feh300142'),('000300080043','0008','0043','2020-07-29 01:29:33.423718','0003','feh300143'),('000300080044','0008','0044','2020-07-29 01:29:33.423718','0003','feh300144'),('000300080045','0008','0045','2020-07-29 01:29:33.423718','0003','feh300145'),('000300080046','0008','0046','2020-07-29 01:29:33.423718','0003','feh300146'),('000300080047','0008','0047','2020-07-29 01:29:33.423718','0003','feh300147'),('000300080048','0008','0048','2020-07-29 01:29:33.423718','0003','feh300148'),('000300080049','0008','0049','2020-07-29 01:29:33.423718','0003','feh300149'),('000300080050','0008','0050','2020-07-29 01:29:33.423718','0003','feh300150'),('000300080051','0008','0051','2020-07-29 01:29:33.423718','0003','feh300151'),('000300080052','0008','0052','2020-07-29 01:29:33.423718','0003','feh300152'),('000300080053','0008','0053','2020-07-29 01:29:33.423718','0003','feh300153'),('000300080054','0008','0054','2020-07-29 01:29:33.423718','0003','feh300154'),('000300080055','0008','0055','2020-07-29 01:29:33.423718','0003','feh300155'),('000300080056','0008','0056','2020-07-29 01:29:33.423718','0003','feh300156'),('000300080057','0008','0057','2020-07-29 01:29:33.423718','0003','feh300157'),('000300080058','0008','0058','2020-07-29 01:29:33.423718','0003','feh300158'),('000300080059','0008','0059','2020-07-29 01:29:33.423718','0003','feh300159'),('000300080060','0008','0060','2020-07-29 01:29:33.423718','0003','feh300160'),('000300080061','0008','0061','2020-07-29 01:29:33.423718','0003','feh300161'),('000300080062','0008','0062','2020-07-29 01:29:33.423718','0003','feh300162'),('000300080063','0008','0063','2020-07-29 01:29:33.423718','0003','feh300163'),('000300080064','0008','0064','2020-07-29 01:29:33.423718','0003','feh300164'),('000300080065','0008','0065','2020-07-29 01:29:33.423718','0003','feh300165'),('000300080066','0008','0066','2020-07-29 01:29:33.423718','0003','feh300166'),('000300080067','0008','0067','2020-07-29 01:29:33.423718','0003','feh300167'),('000300080068','0008','0068','2020-07-29 01:29:33.423718','0003','feh300168'),('000300080069','0008','0069','2020-07-29 01:29:33.423718','0003','feh300169'),('000300080070','0008','0070','2020-07-29 01:29:33.423718','0003','feh300170'),('000300080071','0008','0071','2020-07-29 01:29:33.423718','0003','feh300171'),('000300080072','0008','0072','2020-07-29 01:29:33.423718','0003','feh300172'),('000300080073','0008','0073','2020-07-29 01:29:33.423718','0003','feh300173'),('000300080074','0008','0074','2020-07-29 01:29:33.423718','0003','feh300174'),('000300080075','0008','0075','2020-07-29 01:29:33.423718','0003','feh300175'),('000300080076','0008','0076','2020-07-29 01:29:33.423718','0003','feh300176'),('000300080077','0008','0077','2020-07-29 01:29:33.423718','0003','feh300177'),('000300080078','0008','0078','2020-07-29 01:29:33.423718','0003','feh300178'),('000300080079','0008','0079','2020-07-29 01:29:33.423718','0003','feh300179'),('000300080080','0008','0080','2020-07-29 01:29:33.423718','0003','feh300180'),('000300090001','0009','0001','2020-07-29 01:29:40.518537','0003','feh290101'),('000300090002','0009','0002','2020-07-29 01:29:40.518537','0003','feh290102'),('000300090003','0009','0003','2020-07-29 01:29:40.518537','0003','feh290103'),('000300090004','0009','0004','2020-07-29 01:29:40.518537','0003','feh290104'),('000300090005','0009','0005','2020-07-29 01:29:40.518537','0003','feh290105'),('000300090006','0009','0006','2020-07-29 01:29:40.518537','0003','feh290106'),('000300090007','0009','0007','2020-07-29 01:29:40.518537','0003','feh290107'),('000300090008','0009','0008','2020-07-29 01:29:40.518537','0003','feh290108'),('000300090009','0009','0009','2020-07-29 01:29:40.518537','0003','feh290109'),('000300090010','0009','0010','2020-07-29 01:29:40.518537','0003','feh290110'),('000300090011','0009','0011','2020-07-29 01:29:40.518537','0003','feh290111'),('000300090012','0009','0012','2020-07-29 01:29:40.518537','0003','feh290112'),('000300090013','0009','0013','2020-07-29 01:29:40.518537','0003','feh290113'),('000300090014','0009','0014','2020-07-29 01:29:40.518537','0003','feh290114'),('000300090015','0009','0015','2020-07-29 01:29:40.518537','0003','feh290115'),('000300090016','0009','0016','2020-07-29 01:29:40.518537','0003','feh290116'),('000300090017','0009','0017','2020-07-29 01:29:40.518537','0003','feh290117'),('000300090018','0009','0018','2020-07-29 01:29:40.518537','0003','feh290118'),('000300090019','0009','0019','2020-07-29 01:29:40.518537','0003','feh290119'),('000300090020','0009','0020','2020-07-29 01:29:40.518537','0003','feh290120'),('000300090021','0009','0021','2020-07-29 01:29:40.518537','0003','feh290121'),('000300090022','0009','0022','2020-07-29 01:29:40.518537','0003','feh290122'),('000300090023','0009','0023','2020-07-29 01:29:40.518537','0003','feh290123'),('000300090024','0009','0024','2020-07-29 01:29:40.518537','0003','feh290124'),('000300090025','0009','0025','2020-07-29 01:29:40.518537','0003','feh290125'),('000300090026','0009','0026','2020-07-29 01:29:40.518537','0003','feh290126'),('000300090027','0009','0027','2020-07-29 01:29:40.518537','0003','feh290127'),('000300090028','0009','0028','2020-07-29 01:29:40.518537','0003','feh290128'),('000300090029','0009','0029','2020-07-29 01:29:40.518537','0003','feh290129'),('000300090030','0009','0030','2020-07-29 01:29:40.518537','0003','feh290130'),('000300090031','0009','0031','2020-07-29 01:29:40.518537','0003','feh290131'),('000300090032','0009','0032','2020-07-29 01:29:40.518537','0003','feh290132'),('000300090033','0009','0033','2020-07-29 01:29:40.518537','0003','feh290133'),('000300090034','0009','0034','2020-07-29 01:29:40.518537','0003','feh290134'),('000300090035','0009','0035','2020-07-29 01:29:40.518537','0003','feh290135'),('000300090036','0009','0036','2020-07-29 01:29:40.518537','0003','feh290136'),('000300090037','0009','0037','2020-07-29 01:29:40.518537','0003','feh290137'),('000300090038','0009','0038','2020-07-29 01:29:40.518537','0003','feh290138'),('000300090039','0009','0039','2020-07-29 01:29:40.518537','0003','feh290139'),('000300090040','0009','0040','2020-07-29 01:29:40.518537','0003','feh290140'),('000300090041','0009','0041','2020-07-29 01:29:40.518537','0003','feh290141'),('000300090042','0009','0042','2020-07-29 01:29:40.518537','0003','feh290142'),('000300090043','0009','0043','2020-07-29 01:29:40.518537','0003','feh290143'),('000300090044','0009','0044','2020-07-29 01:29:40.518537','0003','feh290144'),('000300090045','0009','0045','2020-07-29 01:29:40.518537','0003','feh290145'),('000300090046','0009','0046','2020-07-29 01:29:40.518537','0003','feh290146'),('000300090047','0009','0047','2020-07-29 01:29:40.518537','0003','feh290147'),('000300090048','0009','0048','2020-07-29 01:29:40.518537','0003','feh290148'),('000300090049','0009','0049','2020-07-29 01:29:40.518537','0003','feh290149'),('000300090050','0009','0050','2020-07-29 01:29:40.518537','0003','feh290150'),('000300090051','0009','0051','2020-07-29 01:29:40.518537','0003','feh290151'),('000300090052','0009','0052','2020-07-29 01:29:40.518537','0003','feh290152'),('000300090053','0009','0053','2020-07-29 01:29:40.518537','0003','feh290153'),('000300090054','0009','0054','2020-07-29 01:29:40.518537','0003','feh290154'),('000300090055','0009','0055','2020-07-29 01:29:40.518537','0003','feh290155'),('000300090056','0009','0056','2020-07-29 01:29:40.518537','0003','feh290156'),('000300090057','0009','0057','2020-07-29 01:29:40.518537','0003','feh290157'),('000300090058','0009','0058','2020-07-29 01:29:40.518537','0003','feh290158'),('000300090059','0009','0059','2020-07-29 01:29:40.518537','0003','feh290159'),('000300090060','0009','0060','2020-07-29 01:29:40.518537','0003','feh290160'),('000300090061','0009','0061','2020-07-29 01:29:40.518537','0003','feh290161'),('000300090062','0009','0062','2020-07-29 01:29:40.518537','0003','feh290162'),('000300090063','0009','0063','2020-07-29 01:29:40.518537','0003','feh290163'),('000300090064','0009','0064','2020-07-29 01:29:40.518537','0003','feh290164'),('000300090065','0009','0065','2020-07-29 01:29:40.518537','0003','feh290165'),('000300090066','0009','0066','2020-07-29 01:29:40.518537','0003','feh290166'),('000300090067','0009','0067','2020-07-29 01:29:40.518537','0003','feh290167'),('000300090068','0009','0068','2020-07-29 01:29:40.518537','0003','feh290168'),('000300090069','0009','0069','2020-07-29 01:29:40.518537','0003','feh290169'),('000300090070','0009','0070','2020-07-29 01:29:40.518537','0003','feh290170'),('000300090071','0009','0071','2020-07-29 01:29:40.518537','0003','feh290171'),('000300090072','0009','0072','2020-07-29 01:29:40.518537','0003','feh290172'),('000300090073','0009','0073','2020-07-29 01:29:40.518537','0003','feh290173'),('000300090074','0009','0074','2020-07-29 01:29:40.518537','0003','feh290174'),('000300090075','0009','0075','2020-07-29 01:29:40.518537','0003','feh290175'),('000300090076','0009','0076','2020-07-29 01:29:40.518537','0003','feh290176'),('000300090077','0009','0077','2020-07-29 01:29:40.518537','0003','feh290177'),('000300090078','0009','0078','2020-07-29 01:29:40.518537','0003','feh290178'),('000300090079','0009','0079','2020-07-29 01:29:40.518537','0003','feh290179'),('000300090080','0009','0080','2020-07-29 01:29:40.518537','0003','feh290180'),('000300100001','0010','0001','2020-07-29 01:29:44.828380','0003','feh280201'),('000300100002','0010','0002','2020-07-29 01:29:44.828380','0003','feh280202'),('000300100003','0010','0003','2020-07-29 01:29:44.828380','0003','feh280203'),('000300100004','0010','0004','2020-07-29 01:29:44.828380','0003','feh280204'),('000300100005','0010','0005','2020-07-29 01:29:44.828380','0003','feh280205'),('000300100006','0010','0006','2020-07-29 01:29:44.828380','0003','feh280206'),('000300100007','0010','0007','2020-07-29 01:29:44.828380','0003','feh280207'),('000300100008','0010','0008','2020-07-29 01:29:44.828380','0003','feh280208'),('000300100009','0010','0009','2020-07-29 01:29:44.828380','0003','feh280209'),('000300100010','0010','0010','2020-07-29 01:29:44.828380','0003','feh280210'),('000300100011','0010','0011','2020-07-29 01:29:44.828380','0003','feh280211'),('000300100012','0010','0012','2020-07-29 01:29:44.828380','0003','feh280212'),('000300100013','0010','0013','2020-07-29 01:29:44.828380','0003','feh280213'),('000300100014','0010','0014','2020-07-29 01:29:44.828380','0003','feh280214'),('000300100015','0010','0015','2020-07-29 01:29:44.828380','0003','feh280215'),('000300100016','0010','0016','2020-07-29 01:29:44.828380','0003','feh280216'),('000300100017','0010','0017','2020-07-29 01:29:44.828380','0003','feh280217'),('000300100018','0010','0018','2020-07-29 01:29:44.828380','0003','feh280218'),('000300100019','0010','0019','2020-07-29 01:29:44.828380','0003','feh280219'),('000300100020','0010','0020','2020-07-29 01:29:44.828380','0003','feh280220'),('000300100021','0010','0021','2020-07-29 01:29:44.828380','0003','feh280221'),('000300100022','0010','0022','2020-07-29 01:29:44.828380','0003','feh280222'),('000300100023','0010','0023','2020-07-29 01:29:44.828380','0003','feh280223'),('000300100024','0010','0024','2020-07-29 01:29:44.828380','0003','feh280224'),('000300100025','0010','0025','2020-07-29 01:29:44.828380','0003','feh280225'),('000300100026','0010','0026','2020-07-29 01:29:44.828380','0003','feh280226'),('000300100027','0010','0027','2020-07-29 01:29:44.828380','0003','feh280227'),('000300100028','0010','0028','2020-07-29 01:29:44.828380','0003','feh280228'),('000300100029','0010','0029','2020-07-29 01:29:44.828380','0003','feh280229'),('000300100030','0010','0030','2020-07-29 01:29:44.828380','0003','feh280230'),('000300100031','0010','0031','2020-07-29 01:29:44.828380','0003','feh280231'),('000300100032','0010','0032','2020-07-29 01:29:44.828380','0003','feh280232'),('000300100033','0010','0033','2020-07-29 01:29:44.828380','0003','feh280233'),('000300100034','0010','0034','2020-07-29 01:29:44.828380','0003','feh280234'),('000300100035','0010','0035','2020-07-29 01:29:44.828380','0003','feh280235'),('000300100036','0010','0036','2020-07-29 01:29:44.828380','0003','feh280236'),('000300100037','0010','0037','2020-07-29 01:29:44.828380','0003','feh280237'),('000300100038','0010','0038','2020-07-29 01:29:44.828380','0003','feh280238'),('000300100039','0010','0039','2020-07-29 01:29:44.828380','0003','feh280239'),('000300100040','0010','0040','2020-07-29 01:29:44.828380','0003','feh280240'),('000300100041','0010','0041','2020-07-29 01:29:44.828380','0003','feh280241'),('000300100042','0010','0042','2020-07-29 01:29:44.828380','0003','feh280242'),('000300100043','0010','0043','2020-07-29 01:29:44.828380','0003','feh280243'),('000300100044','0010','0044','2020-07-29 01:29:44.828380','0003','feh280244'),('000300100045','0010','0045','2020-07-29 01:29:44.828380','0003','feh280245'),('000300100046','0010','0046','2020-07-29 01:29:44.828380','0003','feh280246'),('000300100047','0010','0047','2020-07-29 01:29:44.828380','0003','feh280247'),('000300100048','0010','0048','2020-07-29 01:29:44.828380','0003','feh280248'),('000300100049','0010','0049','2020-07-29 01:29:44.828380','0003','feh280249'),('000300100050','0010','0050','2020-07-29 01:29:44.828380','0003','feh280250'),('000300100051','0010','0051','2020-07-29 01:29:44.828380','0003','feh280251'),('000300100052','0010','0052','2020-07-29 01:29:44.828380','0003','feh280252'),('000300100053','0010','0053','2020-07-29 01:29:44.828380','0003','feh280253'),('000300100054','0010','0054','2020-07-29 01:29:44.828380','0003','feh280254'),('000300100055','0010','0055','2020-07-29 01:29:44.828380','0003','feh280255'),('000300100056','0010','0056','2020-07-29 01:29:44.828380','0003','feh280256'),('000300100057','0010','0057','2020-07-29 01:29:44.828380','0003','feh280257'),('000300100058','0010','0058','2020-07-29 01:29:44.828380','0003','feh280258'),('000300100059','0010','0059','2020-07-29 01:29:44.828380','0003','feh280259'),('000300100060','0010','0060','2020-07-29 01:29:44.828380','0003','feh280260'),('000300100061','0010','0061','2020-07-29 01:29:44.828380','0003','feh280261'),('000300100062','0010','0062','2020-07-29 01:29:44.828380','0003','feh280262'),('000300100063','0010','0063','2020-07-29 01:29:44.828380','0003','feh280263'),('000300100064','0010','0064','2020-07-29 01:29:44.828380','0003','feh280264'),('000300100065','0010','0065','2020-07-29 01:29:44.828380','0003','feh280265'),('000300100066','0010','0066','2020-07-29 01:29:44.828380','0003','feh280266'),('000300100067','0010','0067','2020-07-29 01:29:44.828380','0003','feh280267'),('000300100068','0010','0068','2020-07-29 01:29:44.828380','0003','feh280268'),('000300100069','0010','0069','2020-07-29 01:29:44.828380','0003','feh280269'),('000300100070','0010','0070','2020-07-29 01:29:44.828380','0003','feh280270'),('000300100071','0010','0071','2020-07-29 01:29:44.828380','0003','feh280271'),('000300100072','0010','0072','2020-07-29 01:29:44.828380','0003','feh280272'),('000300100073','0010','0073','2020-07-29 01:29:44.828380','0003','feh280273'),('000300100074','0010','0074','2020-07-29 01:29:44.828380','0003','feh280274'),('000300100075','0010','0075','2020-07-29 01:29:44.828380','0003','feh280275'),('000300100076','0010','0076','2020-07-29 01:29:44.828380','0003','feh280276'),('000300100077','0010','0077','2020-07-29 01:29:44.828380','0003','feh280277'),('000300100078','0010','0078','2020-07-29 01:29:44.828380','0003','feh280278'),('000300100079','0010','0079','2020-07-29 01:29:44.828380','0003','feh280279'),('000300100080','0010','0080','2020-07-29 01:29:44.828380','0003','feh280280'),('000300110001','0011','0001','2020-07-29 01:29:51.879890','0003','feh270101'),('000300110002','0011','0002','2020-07-29 01:29:51.879890','0003','feh270102'),('000300110003','0011','0003','2020-07-29 01:29:51.879890','0003','feh270103'),('000300110004','0011','0004','2020-07-29 01:29:51.879890','0003','feh270104'),('000300110005','0011','0005','2020-07-29 01:29:51.879890','0003','feh270105'),('000300110006','0011','0006','2020-07-29 01:29:51.879890','0003','feh270106'),('000300110007','0011','0007','2020-07-29 01:29:51.879890','0003','feh270107'),('000300110008','0011','0008','2020-07-29 01:29:51.879890','0003','feh270108'),('000300110009','0011','0009','2020-07-29 01:29:51.879890','0003','feh270109'),('000300110010','0011','0010','2020-07-29 01:29:51.879890','0003','feh270110'),('000300110011','0011','0011','2020-07-29 01:29:51.879890','0003','feh270111'),('000300110012','0011','0012','2020-07-29 01:29:51.879890','0003','feh270112'),('000300110013','0011','0013','2020-07-29 01:29:51.879890','0003','feh270113'),('000300110014','0011','0014','2020-07-29 01:29:51.879890','0003','feh270114'),('000300110015','0011','0015','2020-07-29 01:29:51.879890','0003','feh270115'),('000300110016','0011','0016','2020-07-29 01:29:51.879890','0003','feh270116'),('000300110017','0011','0017','2020-07-29 01:29:51.879890','0003','feh270117'),('000300110018','0011','0018','2020-07-29 01:29:51.879890','0003','feh270118'),('000300110019','0011','0019','2020-07-29 01:29:51.879890','0003','feh270119'),('000300110020','0011','0020','2020-07-29 01:29:51.879890','0003','feh270120'),('000300110021','0011','0021','2020-07-29 01:29:51.879890','0003','feh270121'),('000300110022','0011','0022','2020-07-29 01:29:51.879890','0003','feh270122'),('000300110023','0011','0023','2020-07-29 01:29:51.879890','0003','feh270123'),('000300110024','0011','0024','2020-07-29 01:29:51.879890','0003','feh270124'),('000300110025','0011','0025','2020-07-29 01:29:51.879890','0003','feh270125'),('000300110026','0011','0026','2020-07-29 01:29:51.879890','0003','feh270126'),('000300110027','0011','0027','2020-07-29 01:29:51.879890','0003','feh270127'),('000300110028','0011','0028','2020-07-29 01:29:51.879890','0003','feh270128'),('000300110029','0011','0029','2020-07-29 01:29:51.879890','0003','feh270129'),('000300110030','0011','0030','2020-07-29 01:29:51.879890','0003','feh270130'),('000300110031','0011','0031','2020-07-29 01:29:51.879890','0003','feh270131'),('000300110032','0011','0032','2020-07-29 01:29:51.879890','0003','feh270132'),('000300110033','0011','0033','2020-07-29 01:29:51.879890','0003','feh270133'),('000300110034','0011','0034','2020-07-29 01:29:51.879890','0003','feh270134'),('000300110035','0011','0035','2020-07-29 01:29:51.879890','0003','feh270135'),('000300110036','0011','0036','2020-07-29 01:29:51.879890','0003','feh270136'),('000300110037','0011','0037','2020-07-29 01:29:51.879890','0003','feh270137'),('000300110038','0011','0038','2020-07-29 01:29:51.879890','0003','feh270138'),('000300110039','0011','0039','2020-07-29 01:29:51.879890','0003','feh270139'),('000300110040','0011','0040','2020-07-29 01:29:51.879890','0003','feh270140'),('000300110041','0011','0041','2020-07-29 01:29:51.879890','0003','feh270141'),('000300110042','0011','0042','2020-07-29 01:29:51.879890','0003','feh270142'),('000300110043','0011','0043','2020-07-29 01:29:51.879890','0003','feh270143'),('000300110044','0011','0044','2020-07-29 01:29:51.879890','0003','feh270144'),('000300110045','0011','0045','2020-07-29 01:29:51.879890','0003','feh270145'),('000300110046','0011','0046','2020-07-29 01:29:51.879890','0003','feh270146'),('000300110047','0011','0047','2020-07-29 01:29:51.879890','0003','feh270147'),('000300110048','0011','0048','2020-07-29 01:29:51.879890','0003','feh270148'),('000300110049','0011','0049','2020-07-29 01:29:51.879890','0003','feh270149'),('000300110050','0011','0050','2020-07-29 01:29:51.879890','0003','feh270150'),('000300110051','0011','0051','2020-07-29 01:29:51.879890','0003','feh270151'),('000300110052','0011','0052','2020-07-29 01:29:51.879890','0003','feh270152'),('000300110053','0011','0053','2020-07-29 01:29:51.879890','0003','feh270153'),('000300110054','0011','0054','2020-07-29 01:29:51.879890','0003','feh270154'),('000300110055','0011','0055','2020-07-29 01:29:51.879890','0003','feh270155'),('000300110056','0011','0056','2020-07-29 01:29:51.879890','0003','feh270156'),('000300110057','0011','0057','2020-07-29 01:29:51.879890','0003','feh270157'),('000300110058','0011','0058','2020-07-29 01:29:51.879890','0003','feh270158'),('000300110059','0011','0059','2020-07-29 01:29:51.879890','0003','feh270159'),('000300110060','0011','0060','2020-07-29 01:29:51.879890','0003','feh270160'),('000300110061','0011','0061','2020-07-29 01:29:51.879890','0003','feh270161'),('000300110062','0011','0062','2020-07-29 01:29:51.879890','0003','feh270162'),('000300110063','0011','0063','2020-07-29 01:29:51.879890','0003','feh270163'),('000300110064','0011','0064','2020-07-29 01:29:51.879890','0003','feh270164'),('000300110065','0011','0065','2020-07-29 01:29:51.879890','0003','feh270165'),('000300110066','0011','0066','2020-07-29 01:29:51.879890','0003','feh270166'),('000300110067','0011','0067','2020-07-29 01:29:51.879890','0003','feh270167'),('000300110068','0011','0068','2020-07-29 01:29:51.879890','0003','feh270168'),('000300110069','0011','0069','2020-07-29 01:29:51.879890','0003','feh270169'),('000300110070','0011','0070','2020-07-29 01:29:51.879890','0003','feh270170'),('000300110071','0011','0071','2020-07-29 01:29:51.879890','0003','feh270171'),('000300110072','0011','0072','2020-07-29 01:29:51.879890','0003','feh270172'),('000300110073','0011','0073','2020-07-29 01:29:51.879890','0003','feh270173'),('000300110074','0011','0074','2020-07-29 01:29:51.879890','0003','feh270174'),('000300110075','0011','0075','2020-07-29 01:29:51.879890','0003','feh270175'),('000300110076','0011','0076','2020-07-29 01:29:51.879890','0003','feh270176'),('000300110077','0011','0077','2020-07-29 01:29:51.879890','0003','feh270177'),('000300110078','0011','0078','2020-07-29 01:29:51.879890','0003','feh270178'),('000300110079','0011','0079','2020-07-29 01:29:51.879890','0003','feh270179'),('000300110080','0011','0080','2020-07-29 01:29:51.879890','0003','feh270180');
/*!40000 ALTER TABLE `exam_littletest` ENABLE KEYS */;
UNLOCK TABLES;

--
-- Table structure for table `exam_makelittletest`
--

DROP TABLE IF EXISTS `exam_makelittletest`;
/*!40101 SET @saved_cs_client     = @@character_set_client */;
/*!40101 SET character_set_client = utf8 */;
CREATE TABLE `exam_makelittletest` (
  `m_key` varchar(8) NOT NULL,
  `o_id` varchar(4) NOT NULL,
  `t_id` varchar(4) NOT NULL,
  `u_id` varchar(20) NOT NULL,
  PRIMARY KEY (`m_key`)
) ENGINE=InnoDB DEFAULT CHARSET=utf8;
/*!40101 SET character_set_client = @saved_cs_client */;

--
-- Dumping data for table `exam_makelittletest`
--

LOCK TABLES `exam_makelittletest` WRITE;
/*!40000 ALTER TABLE `exam_makelittletest` DISABLE KEYS */;
INSERT INTO `exam_makelittletest` VALUES ('00020012','0002','0012','watabe20'),('00020016','0002','0016','watabe20'),('00020019','0002','0019','kubo20'),('00020020','0002','0020','kubo20'),('00020021','0002','0021','watabe20'),('00020022','0002','0022','kubo20'),('00020023','0002','0023','watabe20'),('00020024','0002','0024','kubo20'),('00030001','0003','0001','watabe19'),('00030002','0003','0002','watabe19'),('00030003','0003','0003','watabe19'),('00030004','0003','0004','watabe19'),('00030005','0003','0005','watabe19'),('00030006','0003','0006','watabe19'),('00030007','0003','0007','watabe19'),('00030008','0003','0008','watabe19'),('00030009','0003','0009','watabe19'),('00030010','0003','0010','watabe19'),('00030011','0003','0011','watabe19');
/*!40000 ALTER TABLE `exam_makelittletest` ENABLE KEYS */;
UNLOCK TABLES;

--
-- Table structure for table `exam_org`
--

DROP TABLE IF EXISTS `exam_org`;
/*!40101 SET @saved_cs_client     = @@character_set_client */;
/*!40101 SET character_set_client = utf8 */;
CREATE TABLE `exam_org` (
  `o_id` varchar(4) NOT NULL,
  `o_name` varchar(40) NOT NULL,
  `l_num` int(11) NOT NULL,
  PRIMARY KEY (`o_id`)
) ENGINE=InnoDB DEFAULT CHARSET=utf8;
/*!40101 SET character_set_client = @saved_cs_client */;

--
-- Dumping data for table `exam_org`
--

LOCK TABLES `exam_org` WRITE;
/*!40000 ALTER TABLE `exam_org` DISABLE KEYS */;
INSERT INTO `exam_org` VALUES ('0002','IT会計20',9),('0003','IT会計19',3);
/*!40000 ALTER TABLE `exam_org` ENABLE KEYS */;
UNLOCK TABLES;

--
-- Table structure for table `exam_question`
--

DROP TABLE IF EXISTS `exam_question`;
/*!40101 SET @saved_cs_client     = @@character_set_client */;
/*!40101 SET character_set_client = utf8 */;
CREATE TABLE `exam_question` (
  `q_id` varchar(9) NOT NULL,
  `q_test` varchar(2) NOT NULL,
  `q_period` varchar(5) NOT NULL,
  `q_num` varchar(2) NOT NULL,
  `q_title` varchar(100) NOT NULL,
  `q_answer` varchar(1) NOT NULL,
  `c_id` varchar(6) NOT NULL,
  `q_content` longtext NOT NULL,
  PRIMARY KEY (`q_id`),
  KEY `exam_question_c_id_3c7e48ba_fk_exam_classify_c_id` (`c_id`),
  CONSTRAINT `exam_question_c_id_3c7e48ba_fk_exam_classify_c_id` FOREIGN KEY (`c_id`) REFERENCES `exam_classify` (`c_id`)
) ENGINE=InnoDB DEFAULT CHARSET=utf8;
/*!40101 SET character_set_client = @saved_cs_client */;

--
-- Dumping data for table `exam_question`
--

LOCK TABLES `exam_question` WRITE;
/*!40000 ALTER TABLE `exam_question` DISABLE KEYS */;
INSERT INTO `exam_question` VALUES ('aph210101','ap','h2101','01','応用数学','イ','010102',''),('aph210102','ap','h2101','02','応用数学','ア','010102',''),('aph210103','ap','h2101','03','情報に関する理論','ウ','010103',''),('aph210104','ap','h2101','04','応用数学','イ','010102',''),('aph210105','ap','h2101','05','応用数学','ア','010102',''),('aph210106','ap','h2101','06','アルゴリズム','イ','010202',''),('aph210107','ap','h2101','07','アルゴリズム','ア','010202',''),('aph210108','ap','h2101','08','アルゴリズム','イ','010202',''),('aph210109','ap','h2101','09','プロセッサ','ウ','020301',''),('aph210110','ap','h2101','10','プロセッサ','ウ','020301',''),('aph210111','ap','h2101','11','メモリ','エ','020302',''),('aph210112','ap','h2101','12','メモリ','エ','020302',''),('aph210113','ap','h2101','13','メモリ','ア','020302',''),('aph210114','ap','h2101','14','システムの構成','ウ','020401',''),('aph210115','ap','h2101','15','システムの構成','ア','020401',''),('aph210116','ap','h2101','16','システムの評価指標','エ','020402',''),('aph210117','ap','h2101','17','オペレーティングシステム','イ','020501',''),('aph210118','ap','h2101','18','プログラム言語','ア','010204',''),('aph210119','ap','h2101','19','オペレーティングシステム','ウ','020501',''),('aph210120','ap','h2101','20','データ構造','ウ','010201',''),('aph210121','ap','h2101','21','オープンソースソフトウェア','イ','020505',''),('aph210122','ap','h2101','22','ハードウェア','ウ','020601',''),('aph210123','ap','h2101','23','ハードウェア','ア','020601',''),('aph210124','ap','h2101','24','ハードウェア','イ','020601',''),('aph210125','ap','h2101','25','ヒューマンインタフェース技術','ウ','030701',''),('aph210126','ap','h2101','26','インタフェース設計','イ','030702',''),('aph210127','ap','h2101','27','インタフェース設計','ウ','030702',''),('aph210128','ap','h2101','28','マルチメディア技術','ア','030801',''),('aph210129','ap','h2101','29','マルチメディア技術','イ','030801',''),('aph210130','ap','h2101','30','マルチメディア技術','イ','030801',''),('aph210131','ap','h2101','31','システムの構成','ウ','020401',''),('aph210132','ap','h2101','32','データベース設計','ウ','030902',''),('aph210133','ap','h2101','33','トランザクション処理','イ','030904',''),('aph210134','ap','h2101','34','データベース設計','イ','030902',''),('aph210135','ap','h2101','35','ネットワーク応用','イ','031005',''),('aph210136','ap','h2101','36','通信プロトコル','イ','031003',''),('aph210137','ap','h2101','37','ネットワーク応用','ア','031005',''),('aph210138','ap','h2101','38','セキュリティ実装技術','ウ','031105',''),('aph210139','ap','h2101','39','情報セキュリティ','イ','031101',''),('aph210140','ap','h2101','40','情報セキュリティ管理','イ','031102',''),('aph210141','ap','h2101','41','情報セキュリティ','ウ','031101',''),('aph210142','ap','h2101','42','情報セキュリティ','ウ','031101',''),('aph210143','ap','h2101','43','ソフトウェア要件定義','エ','041203',''),('aph210144','ap','h2101','44','ソフトウェア要件定義','イ','041203',''),('aph210145','ap','h2101','45','ソフトウェア方式設計・詳細設計','ア','041204',''),('aph210146','ap','h2101','46','ソフトウェア方式設計・詳細設計','ウ','041204',''),('aph210147','ap','h2101','47','ソフトウェア結合・適格性テスト','イ','041206',''),('aph210148','ap','h2101','48','開発プロセス・手法','イ','041301',''),('aph210149','ap','h2101','49','開発プロセス・手法','エ','041301',''),('aph210150','ap','h2101','50','プロジェクトのスコープ','ア','051404',''),('aph210151','ap','h2101','51','プロジェクトの時間','エ','051406',''),('aph210152','ap','h2101','52','プロジェクトの資源','イ','051405',''),('aph210153','ap','h2101','53','プロジェクトのコミュニケーション','イ','051411',''),('aph210154','ap','h2101','54','プロジェクトの資源','ア','051405',''),('aph210155','ap','h2101','55','サービスマネジメント','ア','061501',''),('aph210156','ap','h2101','56','サービスの設計・移行','ア','061502',''),('aph210157','ap','h2101','57','サービスの設計・移行','ウ','061502',''),('aph210158','ap','h2101','58','システム監査','イ','061601',''),('aph210159','ap','h2101','59','システム監査','イ','061601',''),('aph210160','ap','h2101','60','プロジェクトのリスク','ア','051408',''),('aph210161','ap','h2101','61','システム化計画','イ','071801',''),('aph210162','ap','h2101','62','情報システム戦略','ア','071701',''),('aph210163','ap','h2101','63','OR・IE','ウ','092202',''),('aph210164','ap','h2101','64','経営管理システム','エ','081904',''),('aph210165','ap','h2101','65','システム化計画','ア','071801',''),('aph210166','ap','h2101','66','調達計画・実施','イ','071803',''),('aph210167','ap','h2101','67','経営戦略手法','イ','081901',''),('aph210168','ap','h2101','68','経営戦略手法','イ','081901',''),('aph210169','ap','h2101','69','経営管理システム','ア','081904',''),('aph210170','ap','h2101','70','技術開発戦略の立案','ウ','082001',''),('aph210171','ap','h2101','71','エンジニアリングシステム','イ','082102',''),('aph210172','ap','h2101','72','エンジニアリングシステム','ア','082102',''),('aph210173','ap','h2101','73','e-ビジネス','エ','082103',''),('aph210174','ap','h2101','74','民生機器','エ','082104',''),('aph210175','ap','h2101','75','経営・組織論','ウ','092201',''),('aph210176','ap','h2101','76','OR・IE','ウ','092202',''),('aph210177','ap','h2101','77','会計・財務','エ','092203',''),('aph210178','ap','h2101','78','セキュリティ関連法規','ウ','092302',''),('aph210179','ap','h2101','79','労働関連・取引関連法規','イ','092303',''),('aph210180','ap','h2101','80','標準化関連','イ','092305',''),('feh210101','fe','h2101','01','シフト演算を使った2進数の乗算','ウ','010101',''),('feh210102','fe','h2101','02','ハッシュ法','ア','010101',''),('feh210103','fe','h2101','03','論理式と等しいもの','ア','010101',''),('feh210104','fe','h2101','04','ランレングス符号化','エ','010103',''),('feh210105','fe','h2101','05','スタック','ウ','010201',''),('feh210106','fe','h2101','06','リスト構造','エ','010201',''),('feh210107','fe','h2101','07','2分探索法の比較回数','ア','010202',''),('feh210108','fe','h2101','08','再帰関数','ウ','010202',''),('feh210109','fe','h2101','09','コンピュータの性能は何MIPSか','エ','020301',''),('feh210110','fe','h2101','10','シングルチップマイコン','エ','020601',''),('feh210111','fe','h2101','11','パイプライン処理方式','ウ','020301',''),('feh210112','fe','h2101','12','キャッシュメモリ','ア','020302',''),('feh210113','fe','h2101','13','RAID1～5の各構成の区別','ウ','020401',''),('feh210114','fe','h2101','14','プラズマディスプレイ','ア','020305',''),('feh210115','fe','h2101','15','フォールトトレラントシステム','ア','020401',''),('feh210116','fe','h2101','16','稼働率の計算','エ','020402',''),('feh210117','fe','h2101','17','可用性(Availability)を表す尺度','ア','020402',''),('feh210118','fe','h2101','18','ターンアラウンドタイムの改善','ア','020501',''),('feh210119','fe','h2101','19','ハードリアルタイムシステム','イ','020501',''),('feh210120','fe','h2101','20','LRU方式','イ','020501',''),('feh210121','fe','h2101','21','ディレクトリパス','ウ','020503',''),('feh210122','fe','h2101','22','実行ファイルの作成手順','ア','020504',''),('feh210123','fe','h2101','23','オープンソースソフトウェア','エ','020505',''),('feh210124','fe','h2101','24','論理回路','イ','020601',''),('feh210125','fe','h2101','25','半加算器における素子の組合せ','ア','020601',''),('feh210126','fe','h2101','26','ラジオボタンの用途','ウ','030701',''),('feh210127','fe','h2101','27','Webユーザビリティ','エ','030702',''),('feh210128','fe','h2101','28','ヒューマンインタフェース設計','ウ','030702',''),('feh210129','fe','h2101','29','出力可能なデータ','エ','030903',''),('feh210130','fe','h2101','30','静止画データの国際標準','ウ','030801',''),('feh210131','fe','h2101','31','クライアントサーバシステム','イ','030904',''),('feh210132','fe','h2101','32','データベースの正規化','ウ','030902',''),('feh210133','fe','h2101','33','SQL文','エ','030903',''),('feh210134','fe','h2101','34','関係データベースの操作','ア','030903',''),('feh210135','fe','h2101','35','ロールフォワード','エ','030904',''),('feh210136','fe','h2101','36','伝送時間の計算','エ','031001',''),('feh210137','fe','h2101','37','ネットワーク層で接続する装置','エ','031002',''),('feh210138','fe','h2101','38','アドレスクラス','ア','031001',''),('feh210139','fe','h2101','39','電子メールのプロトコル','ウ','031005',''),('feh210140','fe','h2101','40','公開鍵暗号方式','ウ','031101',''),('feh210141','fe','h2101','41','リスク移転を説明したもの','イ','031102',''),('feh210142','fe','h2101','42','Webビーコンに該当するもの','エ','031101',''),('feh210143','fe','h2101','43','生体認証システム','エ','031101',''),('feh210144','fe','h2101','44','システム開発の最初の工程','イ','041201',''),('feh210145','fe','h2101','45','ウォータフォールモデルの説明','イ','041301',''),('feh210146','fe','h2101','46','E-R図の説明はどれか','ウ','041203',''),('feh210147','fe','h2101','47','オブジェクト指向の基本概念','エ','041204',''),('feh210148','fe','h2101','48','バグ管理図','ウ','041205',''),('feh210149','fe','h2101','49','リバースエンジニアリング','エ','041301',''),('feh210150','fe','h2101','50','開発環境の維持管理','ウ','041303',''),('feh210151','fe','h2101','51','プロジェクトの時間','エ','051406',''),('feh210152','fe','h2101','52','プロジェクトのコスト','エ','051407',''),('feh210153','fe','h2101','53','プロジェクトの時間','イ','051406',''),('feh210154','fe','h2101','54','プロジェクトのコミュニケーション','イ','051411',''),('feh210155','fe','h2101','55','サービスの設計・移行','ウ','061502',''),('feh210156','fe','h2101','56','サービスの運用','ア','061504',''),('feh210157','fe','h2101','57','サービスの設計・移行','エ','061502',''),('feh210158','fe','h2101','58','システム監査','ア','061601',''),('feh210159','fe','h2101','59','システム監査','ウ','061601',''),('feh210160','fe','h2101','60','内部統制','イ','061602',''),('feh210161','fe','h2101','61','情報システム戦略','ウ','071701',''),('feh210162','fe','h2101','62','情報システム戦略','エ','071701',''),('feh210163','fe','h2101','63','OR・IE','ア','092202',''),('feh210164','fe','h2101','64','情報システム戦略','イ','071701',''),('feh210165','fe','h2101','65','システム化計画','エ','071801',''),('feh210166','fe','h2101','66','システム化計画','ア','071801',''),('feh210167','fe','h2101','67','調達計画・実施','エ','071803',''),('feh210168','fe','h2101','68','経営戦略手法','ウ','081901',''),('feh210169','fe','h2101','69','マーケティング','ウ','081902',''),('feh210170','fe','h2101','70','マーケティング','ア','081902',''),('feh210171','fe','h2101','71','技術開発戦略の立案','ウ','082001',''),('feh210172','fe','h2101','72','システム活用促進・評価','ア','071704',''),('feh210173','fe','h2101','73','e-ビジネス','エ','082103',''),('feh210174','fe','h2101','74','民生機器','エ','082104',''),('feh210175','fe','h2101','75','経営戦略手法','イ','081901',''),('feh210176','fe','h2101','76','OR・IE','イ','092202',''),('feh210177','fe','h2101','77','会計・財務','イ','092203',''),('feh210178','fe','h2101','78','知的財産権','エ','092301',''),('feh210179','fe','h2101','79','知的財産権','ア','092301',''),('feh210180','fe','h2101','80','セキュリティ関連法規','エ','092302',''),('feh210201','fe','h2102','01','観測値の平均値を算出する式','エ','010102',''),('feh210202','fe','h2102','02','浮動小数点表示','ア','010101',''),('feh210203','fe','h2102','03','逆ポーランド表記法','ウ','010103',''),('feh210204','fe','h2102','04','シーケンス制御の説明','ア','010105',''),('feh210205','fe','h2102','05','スタックに残っているデータ','ア','010201',''),('feh210206','fe','h2102','06','クイックソートの処理方法','ウ','010202',''),('feh210207','fe','h2102','07','オブジェクト指向プログラムの特徴','ウ','010204',''),('feh210208','fe','h2102','08','Ajaxの説明はどれか','エ','010205',''),('feh210209','fe','h2102','09','デジカメの記憶媒体','ウ','020302',''),('feh210210','fe','h2102','10','メモリインタリーブの説明','イ','020302',''),('feh210211','fe','h2102','11','USBの説明はどれか','ウ','020304',''),('feh210212','fe','h2102','12','RAID','ア','020401',''),('feh210213','fe','h2102','13','ファイル領域管理','エ','020305',''),('feh210214','fe','h2102','14','クライアントサーバシステム','ア','020401',''),('feh210215','fe','h2102','15','ホットスタンバイ方式','ア','020401',''),('feh210216','fe','h2102','16','システム全体の稼働率','イ','020402',''),('feh210217','fe','h2102','17','トランザクションの処理時間','エ','020402',''),('feh210218','fe','h2102','18','固定長方式の特徴','ウ','020501',''),('feh210219','fe','h2102','19','ディレクトリパスの指定','エ','020503',''),('feh210220','fe','h2102','20','CASEツールが提供する機能','ア','020504',''),('feh210221','fe','h2102','21','GPLの下で公開されたOSS','ウ','020505',''),('feh210222','fe','h2102','22','DRAMの説明として適切なもの','ア','020302',''),('feh210223','fe','h2102','23','SoC(System on a Chip)の説明','ウ','020601',''),('feh210224','fe','h2102','24','論理回路図','イ','020601',''),('feh210225','fe','h2102','25','全加算器','ウ','020601',''),('feh210226','fe','h2102','26','ユーザインターフェイス','ウ','030701',''),('feh210227','fe','h2102','27','GUI設計','ウ','030702',''),('feh210228','fe','h2102','28','パレート図','ウ','041210',''),('feh210229','fe','h2102','29','動画の符号化方式','ウ','030801',''),('feh210230','fe','h2102','30','音声サンプリング','ウ','030801',''),('feh210231','fe','h2102','31','アンチエイリアシング','ア','030801',''),('feh210232','fe','h2102','32','関係データベースの主キーの性質','ウ','030902',''),('feh210233','fe','h2102','33','SQLの構文として正しいもの','イ','030903',''),('feh210234','fe','h2102','34','ログファイル','エ','030904',''),('feh210235','fe','h2102','35','分散データベース','ア','030905',''),('feh210236','fe','h2102','36','MACアドレス','エ','031002',''),('feh210237','fe','h2102','37','ルータ','イ','031002',''),('feh210238','fe','h2102','38','MIME','ウ','031005',''),('feh210239','fe','h2102','39','サブネットマスク','エ','031003',''),('feh210240','fe','h2102','40','RADIUS','エ','031005',''),('feh210241','fe','h2102','41','IPsec','ア','031003',''),('feh210242','fe','h2102','42','公開鍵暗号方式','ウ','031101',''),('feh210243','fe','h2102','43','DBのアクセス権設定','ウ','031105',''),('feh210244','fe','h2102','44','パケットフィルタリング設定','イ','031105',''),('feh210245','fe','h2102','45','UML2.0で定義している図','ウ','041203',''),('feh210246','fe','h2102','46','カプセル化','ア','041204',''),('feh210247','fe','h2102','47','ソフトウェア方式設計','イ','041204',''),('feh210248','fe','h2102','48','システム適格確認テスト','ア','041207',''),('feh210249','fe','h2102','49','ウォーターフォールモデル','イ','041301',''),('feh210250','fe','h2102','50','構成管理に起因しない問題','イ','041304',''),('feh210251','fe','h2102','51','プロジェクトの時間','エ','051406',''),('feh210252','fe','h2102','52','プロジェクトの資源','ア','051405',''),('feh210253','fe','h2102','53','プロジェクトのコスト','ウ','051407',''),('feh210254','fe','h2102','54','プロジェクトの品質','ウ','051409',''),('feh210255','fe','h2102','55','サービスの運用','ア','061504',''),('feh210256','fe','h2102','56','サービスマネジメントプロセス','エ','061503',''),('feh210257','fe','h2102','57','ファシリティマネジメント','ア','061505',''),('feh210258','fe','h2102','58','システム監査','ア','061601',''),('feh210259','fe','h2102','59','内部統制','イ','061602',''),('feh210260','fe','h2102','60','プロジェクトのリスク','エ','051408',''),('feh210261','fe','h2102','61','情報システム戦略','ウ','071701',''),('feh210262','fe','h2102','62','業務プロセス','イ','071702',''),('feh210263','fe','h2102','63','ソリューションビジネス','エ','071703',''),('feh210264','fe','h2102','64','ソリューションビジネス','イ','071703',''),('feh210265','fe','h2102','65','システム化計画','ウ','071801',''),('feh210266','fe','h2102','66','システム化計画','イ','071801',''),('feh210267','fe','h2102','67','要件定義','エ','071802',''),('feh210268','fe','h2102','68','調達計画・実施','イ','071803',''),('feh210269','fe','h2102','69','OR・IE','エ','092202',''),('feh210270','fe','h2102','70','経営管理システム','ウ','081904',''),('feh210271','fe','h2102','71','標準化関連','ウ','092305',''),('feh210272','fe','h2102','72','OR・IE','エ','092202',''),('feh210273','fe','h2102','73','OR・IE','イ','092202',''),('feh210274','fe','h2102','74','e-ビジネス','イ','082103',''),('feh210275','fe','h2102','75','経営・組織論','ウ','092201',''),('feh210276','fe','h2102','76','OR・IE','エ','092202',''),('feh210277','fe','h2102','77','会計・財務','ウ','092203',''),('feh210278','fe','h2102','78','知的財産権','ウ','092301',''),('feh210279','fe','h2102','79','セキュリティ関連法規','ウ','092302',''),('feh210280','fe','h2102','80','労働関連・取引関連法規','ウ','092303',''),('feh220101','fe','h2201','01','基数変換','ア','010101',''),('feh220102','fe','h2201','02','真理値表','ウ','010101',''),('feh220103','fe','h2201','03','逆ポーランド表記法','ウ','010103',''),('feh220104','fe','h2201','04','フィードバック制御','ア','010105',''),('feh220105','fe','h2201','05','双方向ポインタのリスト','ウ','010201',''),('feh220106','fe','h2201','06','ハッシュ表探索と分布の関係','イ','010202',''),('feh220107','fe','h2201','07','Javaプログラムの種類','イ','010204',''),('feh220108','fe','h2201','08','プログラム構造','ウ','010203',''),('feh220109','fe','h2201','09','命令実行時間の計算','イ','020301',''),('feh220110','fe','h2201','10','キャッシュメモリのヒット率','イ','020302',''),('feh220111','fe','h2201','11','プログラム作成方法','ウ','020302',''),('feh220112','fe','h2201','12','磁気ディスク装置の平均待ち時間','ウ','020305',''),('feh220113','fe','h2201','13','有機ELディスプレイ','エ','020305',''),('feh220114','fe','h2201','14','3層クライアントサーバシステム','ア','020401',''),('feh220115','fe','h2201','15','四つの時間の関係を表わす式','ウ','020402',''),('feh220116','fe','h2201','16','稼働率','エ','020402',''),('feh220117','fe','h2201','17','必要な磁気ディスク装置数','イ','020402',''),('feh220118','fe','h2201','18','ハードリアルタイムシステム','イ','020501',''),('feh220119','fe','h2201','19','スループットを高めるため方式','ア','020501',''),('feh220120','fe','h2201','20','仮想記憶方式','ウ','020501',''),('feh220121','fe','h2201','21','UNIXファイルシステム','ウ','020505',''),('feh220122','fe','h2201','22','3アドレス命令での計算','エ','010103',''),('feh220123','fe','h2201','23','ビットと点灯回路','ウ','020601',''),('feh220124','fe','h2201','24','フラッシュメモリの説明','ウ','020302',''),('feh220125','fe','h2201','25','フリップフロップ回路','エ','020601',''),('feh220126','fe','h2201','26','論理回路図','ウ','020601',''),('feh220127','fe','h2201','27','アウトラインフォント','エ','030801',''),('feh220128','fe','h2201','28','CG描画技法','イ','030801',''),('feh220129','fe','h2201','29','関係データベースの説明','イ','030901',''),('feh220130','fe','h2201','30','関係データベースの正規化','ウ','030902',''),('feh220131','fe','h2201','31','SQL文','エ','030903',''),('feh220132','fe','h2201','32','排他制御','ウ','030904',''),('feh220133','fe','h2201','33','データウェアハウス','イ','030905',''),('feh220134','fe','h2201','34','回線伝送時間の計算','エ','031001',''),('feh220135','fe','h2201','35','ディジタル通信機器','ア','031002',''),('feh220136','fe','h2201','36','NAT機能の説明','エ','031001',''),('feh220137','fe','h2201','37','通信プロトコル','ウ','031003',''),('feh220138','fe','h2201','38','IPアドレスクラス','エ','031001',''),('feh220139','fe','h2201','39','CGI','ア','031005',''),('feh220140','fe','h2201','40','ディジタル署名','ウ','031101',''),('feh220141','fe','h2201','41','パスワードの総数を求める数式','ア','031101',''),('feh220142','fe','h2201','42','公開鍵暗号方式の特徴','イ','031101',''),('feh220143','fe','h2201','43','アクセス権限','イ','031104',''),('feh220144','fe','h2201','44','WAFを利用する目的','ア','031105',''),('feh220145','fe','h2201','45','DFD','エ','041203',''),('feh220146','fe','h2201','46','E-R図','ウ','041203',''),('feh220147','fe','h2201','47','オブジェクト指向','イ','041204',''),('feh220148','fe','h2201','48','状態遷移図','エ','041301',''),('feh220149','fe','h2201','49','リバースエンジニアリング','エ','041301',''),('feh220150','fe','h2201','50','プロトタイプモデル','エ','041301',''),('feh220151','fe','h2201','51','プロジェクトの時間','イ','051406',''),('feh220152','fe','h2201','52','プロジェクトの品質','ア','051409',''),('feh220153','fe','h2201','53','サービスの運用','ア','061504',''),('feh220154','fe','h2201','54','サービスマネジメントプロセス','ウ','061503',''),('feh220155','fe','h2201','55','サービスの設計・移行','ウ','061502',''),('feh220156','fe','h2201','56','サービスマネジメント','イ','061501',''),('feh220157','fe','h2201','57','システム監査','イ','061601',''),('feh220158','fe','h2201','58','システム監査','イ','061601',''),('feh220159','fe','h2201','59','システム監査','ア','061601',''),('feh220160','fe','h2201','60','内部統制','エ','061602',''),('feh220161','fe','h2201','61','業務プロセス','ウ','071702',''),('feh220162','fe','h2201','62','業務プロセス','エ','071702',''),('feh220163','fe','h2201','63','OR・IE','イ','092202',''),('feh220164','fe','h2201','64','ソリューションビジネス','イ','071703',''),('feh220165','fe','h2201','65','情報システム戦略','ア','071701',''),('feh220166','fe','h2201','66','要件定義','ア','071802',''),('feh220167','fe','h2201','67','調達計画・実施','ア','071803',''),('feh220168','fe','h2201','68','経営戦略手法','ウ','081901',''),('feh220169','fe','h2201','69','マーケティング','イ','081902',''),('feh220170','fe','h2201','70','マーケティング','エ','081902',''),('feh220171','fe','h2201','71','経営管理システム','ア','081904',''),('feh220172','fe','h2201','72','民生機器','イ','082104',''),('feh220173','fe','h2201','73','エンジニアリングシステム','エ','082102',''),('feh220174','fe','h2201','74','民生機器','ア','082104',''),('feh220175','fe','h2201','75','経営・組織論','ウ','092201',''),('feh220176','fe','h2201','76','OR・IE','ウ','092202',''),('feh220177','fe','h2201','77','会計・財務','ウ','092203',''),('feh220178','fe','h2201','78','知的財産権','ウ','092301',''),('feh220179','fe','h2201','79','労働関連・取引関連法規','ウ','092303',''),('feh220180','fe','h2201','80','標準化関連','エ','092305',''),('feh220201','fe','h2202','01','基数変換','イ','010101',''),('feh220202','fe','h2202','02','けた落ちの説明として適切なもの','ア','010101',''),('feh220203','fe','h2202','03','マルコフ過程','エ','010102',''),('feh220204','fe','h2202','04','誤り検出方式','ア','010104',''),('feh220205','fe','h2202','05','スタックで出力可能なデータ列','ウ','010201',''),('feh220206','fe','h2202','06','木構造','ウ','010201',''),('feh220207','fe','h2202','07','ハッシュ法','イ','010201',''),('feh220208','fe','h2202','08','JavaBeans','ア','010204',''),('feh220209','fe','h2202','09','MIPS','エ','020301',''),('feh220210','fe','h2202','10','パイプラインの特徴','ウ','020301',''),('feh220211','fe','h2202','11','内部割込み','イ','020301',''),('feh220212','fe','h2202','12','キャッシュメモリ','ア','020302',''),('feh220213','fe','h2202','13','デイジーチェーン接続','ア','020304',''),('feh220214','fe','h2202','14','磁気ディスク装置','ア','020305',''),('feh220215','fe','h2202','15','NAS','エ','020401',''),('feh220216','fe','h2202','16','ホットサイト','イ','020401',''),('feh220217','fe','h2202','17','RASIS指標を表す式','イ','020402',''),('feh220218','fe','h2202','18','スループット','エ','020402',''),('feh220219','fe','h2202','19','稼働率','エ','020402',''),('feh220220','fe','h2202','20','タスク管理','イ','020501',''),('feh220221','fe','h2202','21','スラッシング','ア','020501',''),('feh220222','fe','h2202','22','コンパイラ','ア','020504',''),('feh220223','fe','h2202','23','プログラムの静的解析ツール','イ','020504',''),('feh220224','fe','h2202','24','論理回路と論理式の関係','ウ','020601',''),('feh220225','fe','h2202','25','条件を満足する論理回路','エ','020601',''),('feh220226','fe','h2202','26','フラッシュメモリ','エ','020302',''),('feh220227','fe','h2202','27','ユーザビリティの評価','ア','030701',''),('feh220228','fe','h2202','28','3DCG技法','イ','030801',''),('feh220229','fe','h2202','29','表の正規化','ア','030902',''),('feh220230','fe','h2202','30','関係演算','ウ','030903',''),('feh220231','fe','h2202','31','更新処理が可能なUPDATE文','エ','030903',''),('feh220232','fe','h2202','32','データベースの再編成','ア','030904',''),('feh220233','fe','h2202','33','参照制約','ウ','030903',''),('feh220234','fe','h2202','34','ネットワーク層の説明','ア','031002',''),('feh220235','fe','h2202','35','ネットワーク機器','イ','031002',''),('feh220236','fe','h2202','36','ルータが経路決定に用いる情報','ア','031002',''),('feh220237','fe','h2202','37','IPアドレス設定','イ','031003',''),('feh220238','fe','h2202','38','NAPT','イ','031001',''),('feh220239','fe','h2202','39','ディジタル署名に用いる鍵の組合せ','エ','031101',''),('feh220240','fe','h2202','40','バイオメトリクス認証','イ','031101',''),('feh220241','fe','h2202','41','電子メールのセキュリティ','エ','031104',''),('feh220242','fe','h2202','42','ビジネスインパクト分析','イ','031102',''),('feh220243','fe','h2202','43','リスク対応','イ','031102',''),('feh220244','fe','h2202','44','バックドア','ウ','031101',''),('feh220245','fe','h2202','45','DFD表記方法','エ','041203',''),('feh220246','fe','h2202','46','オブジェクト指向','ア','041204',''),('feh220247','fe','h2202','47','クラスとインスタンスの関係','イ','041204',''),('feh220248','fe','h2202','48','ブラックボックステスト','イ','041205',''),('feh220249','fe','h2202','49','Ajax','ア','010203',''),('feh220250','fe','h2202','50','組込みシステムのライセンス','ア','041302',''),('feh220251','fe','h2202','51','プロジェクトのスコープ','エ','051404',''),('feh220252','fe','h2202','52','プロジェクトの時間','イ','051406',''),('feh220253','fe','h2202','53','プロジェクトの資源','イ','051405',''),('feh220254','fe','h2202','54','プロジェクトのリスク','エ','051408',''),('feh220255','fe','h2202','55','サービスの運用','エ','061504',''),('feh220256','fe','h2202','56','サービスの運用','エ','061504',''),('feh220257','fe','h2202','57','サービスの設計・移行','イ','061502',''),('feh220258','fe','h2202','58','システム監査','イ','061601',''),('feh220259','fe','h2202','59','システム監査','エ','061601',''),('feh220260','fe','h2202','60','システム監査','ア','061601',''),('feh220261','fe','h2202','61','情報システム戦略','エ','071701',''),('feh220262','fe','h2202','62','情報システム戦略','エ','071701',''),('feh220263','fe','h2202','63','ソリューションビジネス','ウ','071703',''),('feh220264','fe','h2202','64','要件定義','イ','071802',''),('feh220265','fe','h2202','65','要件定義','ウ','071802',''),('feh220266','fe','h2202','66','ソリューションビジネス','イ','071703',''),('feh220267','fe','h2202','67','マーケティング','イ','081902',''),('feh220268','fe','h2202','68','マーケティング','ア','081902',''),('feh220269','fe','h2202','69','ビジネス戦略と目標・評価','イ','081903',''),('feh220270','fe','h2202','70','経営管理システム','ア','081904',''),('feh220271','fe','h2202','71','ビジネスシステム','エ','082101',''),('feh220272','fe','h2202','72','システム活用促進・評価','エ','071704',''),('feh220273','fe','h2202','73','エンジニアリングシステム','エ','082102',''),('feh220274','fe','h2202','74','経営・組織論','イ','092201',''),('feh220275','fe','h2202','75','OR・IE','ア','092202',''),('feh220276','fe','h2202','76','OR・IE','ウ','092202',''),('feh220277','fe','h2202','77','OR・IE','イ','092202',''),('feh220278','fe','h2202','78','知的財産権','ア','092301',''),('feh220279','fe','h2202','79','労働関連・取引関連法規','イ','092303',''),('feh220280','fe','h2202','80','労働関連・取引関連法規','ウ','092303',''),('feh230101','fe','h2301','01','論理式と等しいもの','ア','010101',''),('feh230102','fe','h2301','02','相対誤差','エ','010102',''),('feh230103','fe','h2301','03','ハフマン符号化','イ','010103',''),('feh230104','fe','h2301','04','状態遷移表','ウ','010103',''),('feh230105','fe','h2301','05','2分探索木','エ','010201',''),('feh230106','fe','h2301','06','再帰関数','イ','010202',''),('feh230107','fe','h2301','07','整数の総和を求める流れ図','ア','010202',''),('feh230108','fe','h2301','08','クイックソートの記述','ア','010202',''),('feh230109','fe','h2301','09','外部割込みが発生するもの','エ','020301',''),('feh230110','fe','h2301','10','有効アドレス','イ','020302',''),('feh230111','fe','h2301','11','キャッシュメモリのヒット率','エ','020302',''),('feh230112','fe','h2301','12','メモリインタリーブ','エ','020302',''),('feh230113','fe','h2301','13','RFIDタグの特徴','ウ','020305',''),('feh230114','fe','h2301','14','音声サンプリング','エ','020305',''),('feh230115','fe','h2301','15','密結合マルチプロセッサシステム','ウ','020301',''),('feh230116','fe','h2301','16','システムの稼働率','ア','020402',''),('feh230117','fe','h2301','17','フールプルーフを採用した設計','ア','020401',''),('feh230118','fe','h2301','18','タスクスケジューリング','ウ','020501',''),('feh230119','fe','h2301','19','TPS(Transaction Per Second)','ア','020402',''),('feh230120','fe','h2301','20','ページング方式の説明はどれか','ア','020501',''),('feh230121','fe','h2301','21','LRUアルゴリズム','ア','020501',''),('feh230122','fe','h2301','22','リアルタイムOSが用いられる理由','イ','010105',''),('feh230123','fe','h2301','23','インタプリタとコンパイラの比較','エ','020504',''),('feh230124','fe','h2301','24','論理回路図','エ','020601',''),('feh230125','fe','h2301','25','半加算器における素子の組合せ','ア','020601',''),('feh230126','fe','h2301','26','チャタリング','ウ','020601',''),('feh230127','fe','h2301','27','出力可能なデータ','エ','030903',''),('feh230128','fe','h2301','28','ドローソフトを説明したもの','イ','030801',''),('feh230129','fe','h2301','29','UML','ア','030902',''),('feh230130','fe','h2301','30','SQL文','エ','030903',''),('feh230131','fe','h2301','31','ビューの行数が減少する更新処理','ア','030903',''),('feh230132','fe','h2301','32','JDBC','ウ','030903',''),('feh230133','fe','h2301','33','ログファイル','エ','030904',''),('feh230134','fe','h2301','34','外部キ一定義','ア','030902',''),('feh230135','fe','h2301','35','データディクショナリ','イ','030902',''),('feh230136','fe','h2301','36','ポート番号','エ','031003',''),('feh230137','fe','h2301','37','CSMA/CD方式','イ','031002',''),('feh230138','fe','h2301','38','リピータ','ウ','031002',''),('feh230139','fe','h2301','39','DHCP','ア','031003',''),('feh230140','fe','h2301','40','NTP(Network Time Protocol)の用途','イ','031003',''),('feh230141','fe','h2301','41','TELNET','エ','031003',''),('feh230142','fe','h2301','42','素因数分解を利用した公開暗号方式','エ','031101',''),('feh230143','fe','h2301','43','認証デバイス','ウ','031101',''),('feh230144','fe','h2301','44','パケットフィルタリング','ウ','031105',''),('feh230145','fe','h2301','45','電子透かし','イ','031104',''),('feh230146','fe','h2301','46','E-R図で表せるもの','ア','041203',''),('feh230147','fe','h2301','47','ウォークスルー','ア','041204',''),('feh230148','fe','h2301','48','オブジェクト指向','エ','041204',''),('feh230149','fe','h2301','49','ホワイトボックステスト','ウ','041205',''),('feh230150','fe','h2301','50','構成管理に起因しない問題','イ','041304',''),('feh230151','fe','h2301','51','プロジェクトの時間','ア','051406',''),('feh230152','fe','h2301','52','プロジェクトのコスト','ウ','051407',''),('feh230153','fe','h2301','53','プロジェクトのリスク','ア','051408',''),('feh230154','fe','h2301','54','プロジェクトの品質','エ','051409',''),('feh230155','fe','h2301','55','サービスの運用','ウ','061504',''),('feh230156','fe','h2301','56','サービスマネジメントプロセス','エ','061503',''),('feh230157','fe','h2301','57','サービスの運用','ウ','061504',''),('feh230158','fe','h2301','58','サービスの運用','ア','061504',''),('feh230159','fe','h2301','59','システム監査','ア','061601',''),('feh230160','fe','h2301','60','システム監査','イ','061601',''),('feh230161','fe','h2301','61','情報システム戦略','ウ','071701',''),('feh230162','fe','h2301','62','業務プロセス','ア','071702',''),('feh230163','fe','h2301','63','システム化計画','イ','071801',''),('feh230164','fe','h2301','64','調達計画・実施','ア','071803',''),('feh230165','fe','h2301','65','経営戦略手法','ア','081901',''),('feh230166','fe','h2301','66','経営戦略手法','イ','081901',''),('feh230167','fe','h2301','67','OR・IE','エ','092202',''),('feh230168','fe','h2301','68','経営管理システム','ウ','081904',''),('feh230169','fe','h2301','69','ビジネスシステム','エ','082101',''),('feh230170','fe','h2301','70','e-ビジネス','イ','082103',''),('feh230171','fe','h2301','71','エンジニアリングシステム','ウ','082102',''),('feh230172','fe','h2301','72','e-ビジネス','ウ','082103',''),('feh230173','fe','h2301','73','経営・組織論','イ','092201',''),('feh230174','fe','h2301','74','OR・IE','イ','092202',''),('feh230175','fe','h2301','75','OR・IE','ウ','092202',''),('feh230176','fe','h2301','76','会計・財務','エ','092203',''),('feh230177','fe','h2301','77','会計・財務','ア','092203',''),('feh230178','fe','h2301','78','知的財産権','イ','092301',''),('feh230179','fe','h2301','79','知的財産権','ア','092301',''),('feh230180','fe','h2301','80','セキュリティ関連法規','エ','092302',''),('feh230201','fe','h2302','01','シフト演算','イ','010101',''),('feh230202','fe','h2302','02','固定小数点表示','ウ','010101',''),('feh230203','fe','h2302','03','連立一次方程式の計算時間','ウ','010102',''),('feh230204','fe','h2302','04','BNF','ウ','010103',''),('feh230205','fe','h2302','05','スタック操作','イ','010201',''),('feh230206','fe','h2302','06','配列へのデータ格納','エ','010201',''),('feh230207','fe','h2302','07','単語表を再構成する流れ図','ア','010202',''),('feh230208','fe','h2302','08','XMLに関する記述','エ','010205',''),('feh230209','fe','h2302','09','アドレス指定方式','ア','020301',''),('feh230210','fe','h2302','10','プログラムレジスタの役割','エ','020301',''),('feh230211','fe','h2302','11','主記憶の実効アクセス時間','イ','020302',''),('feh230212','fe','h2302','12','マスクROM','イ','020302',''),('feh230213','fe','h2302','13','静電容量方式タッチパネル','イ','020305',''),('feh230214','fe','h2302','14','磁気ディスクのシリンダ数','イ','020305',''),('feh230215','fe','h2302','15','システム構成と稼働率','エ','020401',''),('feh230216','fe','h2302','16','シンクライアント','ウ','020401',''),('feh230217','fe','h2302','17','フェールソフト','ウ','020401',''),('feh230218','fe','h2302','18','MTBFとMTTR','エ','020402',''),('feh230219','fe','h2302','19','稼働率','ウ','020402',''),('feh230220','fe','h2302','20','タスクの状態遷移','ア','020501',''),('feh230221','fe','h2302','21','アプレット','ア','010204',''),('feh230222','fe','h2302','22','コンパイラにおける最適化','ウ','020504',''),('feh230223','fe','h2302','23','静的テストツールの機能','ア','020504',''),('feh230224','fe','h2302','24','RFIDの活用事例','エ','020601',''),('feh230225','fe','h2302','25','フラッシュメモリ','エ','020302',''),('feh230226','fe','h2302','26','論理回路図','イ','020601',''),('feh230227','fe','h2302','27','CSS','イ','010205',''),('feh230228','fe','h2302','28','論理チェック','エ','030702',''),('feh230229','fe','h2302','29','音声のサンプリング','ウ','030801',''),('feh230230','fe','h2302','30','アンチエイリアシング','ア','030801',''),('feh230231','fe','h2302','31','関係データベースの説明','エ','030901',''),('feh230232','fe','h2302','32','関係演算','ア','030903',''),('feh230233','fe','h2302','33','UML','エ','030902',''),('feh230234','fe','h2302','34','デッドロックの説明','エ','030904',''),('feh230235','fe','h2302','35','関係データベースの操作','ア','030903',''),('feh230236','fe','h2302','36','別媒体に保存しておく必要のあるもの','エ','030904',''),('feh230237','fe','h2302','37','LAN間接続装置','ウ','031002',''),('feh230238','fe','h2302','38','TCP/IP階層モデル','ウ','031003',''),('feh230239','fe','h2302','39','MIME','イ','031005',''),('feh230240','fe','h2302','40','ping','エ','031004',''),('feh230241','fe','h2302','41','メッセージダイジェストの利用目的','ア','031101',''),('feh230242','fe','h2302','42','パスワードの盗用防止策','エ','031102',''),('feh230243','fe','h2302','43','パターンマッチング方式','イ','031104',''),('feh230244','fe','h2302','44','電子メールのセキュリティ','ウ','031104',''),('feh230245','fe','h2302','45','モジュール強度','エ','041204',''),('feh230246','fe','h2302','46','オブジェクト指向の基本概念','エ','041204',''),('feh230247','fe','h2302','47','ブラックボックステスト','イ','041205',''),('feh230248','fe','h2302','48','リグレッション(退行)テスト','エ','041210',''),('feh230249','fe','h2302','49','SOAPの役割はどれか','ウ','010205',''),('feh230250','fe','h2302','50','スパイラルモデル','イ','041301',''),('feh230251','fe','h2302','51','プロジェクトの時間','エ','051406',''),('feh230252','fe','h2302','52','プロジェクトのコスト','ア','051407',''),('feh230253','fe','h2302','53','プロジェクトの時間','ア','051406',''),('feh230254','fe','h2302','54','プロジェクトの品質','ア','051409',''),('feh230255','fe','h2302','55','サービスの運用','ウ','061504',''),('feh230256','fe','h2302','56','サービスの運用','イ','061504',''),('feh230257','fe','h2302','57','サービスマネジメント','イ','061501',''),('feh230258','fe','h2302','58','システム監査','エ','061601',''),('feh230259','fe','h2302','59','システム監査','イ','061601',''),('feh230260','fe','h2302','60','内部統制','イ','061602',''),('feh230261','fe','h2302','61','経営・組織論','エ','092201',''),('feh230262','fe','h2302','62','情報システム戦略','イ','071701',''),('feh230263','fe','h2302','63','情報システム戦略','ウ','071701',''),('feh230264','fe','h2302','64','ソリューションビジネス','イ','071703',''),('feh230265','fe','h2302','65','要件定義','ア','071802',''),('feh230266','fe','h2302','66','システム化計画','イ','071801',''),('feh230267','fe','h2302','67','情報システム戦略','イ','071701',''),('feh230268','fe','h2302','68','経営戦略手法','ウ','081901',''),('feh230269','fe','h2302','69','マーケティング','ウ','081902',''),('feh230270','fe','h2302','70','マーケティング','エ','081902',''),('feh230271','fe','h2302','71','技術開発戦略の立案','ア','082001',''),('feh230272','fe','h2302','72','OR・IE','エ','092202',''),('feh230273','fe','h2302','73','OR・IE','ウ','092202',''),('feh230274','fe','h2302','74','エンジニアリングシステム','イ','082102',''),('feh230275','fe','h2302','75','経営・組織論','ア','092201',''),('feh230276','fe','h2302','76','会計・財務','ウ','092203',''),('feh230277','fe','h2302','77','会計・財務','イ','092203',''),('feh230278','fe','h2302','78','会計・財務','エ','092203',''),('feh230279','fe','h2302','79','知的財産権','エ','092301',''),('feh230280','fe','h2302','80','労働関連・取引関連法規','イ','092303',''),('feh240101','fe','h2401','01','有限小数になるものはどれか','ウ','010101',''),('feh240102','fe','h2401','02','2進数の乗算','ア','010101',''),('feh240103','fe','h2401','03','隣接行列で表されるグラフ','エ','010102',''),('feh240104','fe','h2401','04','逆ポーランド表記法','イ','010103',''),('feh240105','fe','h2401','05','自動販売機の状態遷移図','エ','010103',''),('feh240106','fe','h2401','06','データ構造','イ','010201',''),('feh240107','fe','h2401','07','単方向リスト構造','エ','010201',''),('feh240108','fe','h2401','08','再帰呼出しの説明','イ','010203',''),('feh240109','fe','h2401','09','Javaサーブレット','ウ','010204',''),('feh240110','fe','h2401','10','マルチコアプロセッサの特徴','イ','020301',''),('feh240111','fe','h2401','11','外部割込みに分類されるもの','ア','020301',''),('feh240112','fe','h2401','12','DRAMのリフレッシュ動作','ウ','020302',''),('feh240113','fe','h2401','13','キャッシュメモリに関する記述','ウ','020302',''),('feh240114','fe','h2401','14','プラズマディスプレイ','ア','020305',''),('feh240115','fe','h2401','15','クラウドコンピューティングの説明','ウ','020401',''),('feh240116','fe','h2401','16','フォールトトレラントシステム','ア','020401',''),('feh240117','fe','h2401','17','稼働率を表す式','イ','020402',''),('feh240118','fe','h2401','18','ベンチマークテストの説明','イ','020402',''),('feh240119','fe','h2401','19','サーバ処理時間を求める式','エ','020402',''),('feh240120','fe','h2401','20','スプーリング','ウ','020501',''),('feh240121','fe','h2401','21','スラッシング','ア','020501',''),('feh240122','fe','h2401','22','LRU方式の説明','イ','020501',''),('feh240123','fe','h2401','23','固定長方式の特徴','ウ','020501',''),('feh240124','fe','h2401','24','シェルのリダイレクト機能','ウ','020501',''),('feh240125','fe','h2401','25','ビットとLED点灯回路','ウ','020601',''),('feh240126','fe','h2401','26','音声サンプリング','ウ','030801',''),('feh240127','fe','h2401','27','ポリゴンの説明','ウ','030801',''),('feh240128','fe','h2401','28','E-R図に関する記述','イ','030902',''),('feh240129','fe','h2401','29','ビューに関する記述','ア','030903',''),('feh240130','fe','h2401','30','SQL文の結果','ウ','030903',''),('feh240131','fe','h2401','31','関係演算','ウ','030903',''),('feh240132','fe','h2401','32','ログファイルの説明','エ','030904',''),('feh240133','fe','h2401','33','DBMSの排他制御','エ','030904',''),('feh240134','fe','h2401','34','転送時間の計算','エ','031001',''),('feh240135','fe','h2401','35','LAN間接続装置','ウ','031002',''),('feh240136','fe','h2401','36','MIME','ウ','031005',''),('feh240137','fe','h2401','37','NAPT','ウ','031001',''),('feh240138','fe','h2401','38','POP3の説明','ウ','031003',''),('feh240139','fe','h2401','39','CSS','イ','010205',''),('feh240140','fe','h2401','40','MAC(Message Authentication Code)','イ','031105',''),('feh240141','fe','h2401','41','公開鍵暗号方式','ウ','031101',''),('feh240142','fe','h2401','42','ビジネスインパクト分析','エ','031102',''),('feh240143','fe','h2401','43','サーバ二重化の効果','ア','031102',''),('feh240144','fe','h2401','44','ARPを利用した通信可否','イ','031105',''),('feh240145','fe','h2401','45','ディレクトリトラバーサル攻撃','ウ','031101',''),('feh240146','fe','h2401','46','オブジェクト指向プログラミング','ア','041204',''),('feh240147','fe','h2401','47','スタブの役割','ウ','041206',''),('feh240148','fe','h2401','48','ブラックボックステスト','イ','041205',''),('feh240149','fe','h2401','49','関数に変数を渡す方法','ア','010203',''),('feh240150','fe','h2401','50','リバースエンジニアリング','ウ','041301',''),('feh240151','fe','h2401','51','構成管理・変更管理','ウ','041304',''),('feh240152','fe','h2401','52','プロジェクトの時間','ウ','051406',''),('feh240153','fe','h2401','53','プロジェクトの資源','ウ','051405',''),('feh240154','fe','h2401','54','プロジェクトの品質','ウ','051409',''),('feh240155','fe','h2401','55','サービスマネジメントプロセス','ア','061503',''),('feh240156','fe','h2401','56','サービスの設計・移行','エ','061502',''),('feh240157','fe','h2401','57','サービスの設計・移行','イ','061502',''),('feh240158','fe','h2401','58','システム監査','イ','061601',''),('feh240159','fe','h2401','59','システム監査','ア','061601',''),('feh240160','fe','h2401','60','システム監査','エ','061601',''),('feh240161','fe','h2401','61','情報システム戦略','イ','071701',''),('feh240162','fe','h2401','62','情報システム戦略','エ','071701',''),('feh240163','fe','h2401','63','ソリューションビジネス','エ','071703',''),('feh240164','fe','h2401','64','システム活用促進・評価','エ','071704',''),('feh240165','fe','h2401','65','経営管理システム','ウ','081904',''),('feh240166','fe','h2401','66','調達計画・実施','イ','071803',''),('feh240167','fe','h2401','67','経営戦略手法','ア','081901',''),('feh240168','fe','h2401','68','経営戦略手法','エ','081901',''),('feh240169','fe','h2401','69','ビジネス戦略と目標・評価','イ','081903',''),('feh240170','fe','h2401','70','民生機器','イ','082104',''),('feh240171','fe','h2401','71','エンジニアリングシステム','エ','082102',''),('feh240172','fe','h2401','72','エンジニアリングシステム','ア','082102',''),('feh240173','fe','h2401','73','民生機器','エ','082104',''),('feh240174','fe','h2401','74','OR・IE','エ','092202',''),('feh240175','fe','h2401','75','OR・IE','イ','092202',''),('feh240176','fe','h2401','76','会計・財務','イ','092203',''),('feh240177','fe','h2401','77','会計・財務','イ','092203',''),('feh240178','fe','h2401','78','知的財産権','エ','092301',''),('feh240179','fe','h2401','79','知的財産権','イ','092301',''),('feh240180','fe','h2401','80','その他の法律・ガイドライン','エ','092304',''),('feh240201','fe','h2402','01','2進数の演算','ウ','010101',''),('feh240202','fe','h2402','02','最大公約数を求める手順','イ','010202',''),('feh240203','fe','h2402','03','探索方法と実行時間のオーダ','ア','010202',''),('feh240204','fe','h2402','04','コード化するには何ビット必要か','イ','010101',''),('feh240205','fe','h2402','05','キューとスタックの操作','イ','010201',''),('feh240206','fe','h2402','06','2分探索法の流れ図','イ','010202',''),('feh240207','fe','h2402','07','階乗を求める再帰関数','イ','010202',''),('feh240208','fe','h2402','08','XMLの特徴','イ','010205',''),('feh240209','fe','h2402','09','割込み発生時の処理手順','ウ','020301',''),('feh240210','fe','h2402','10','キャッシュメモリのヒット率','エ','020302',''),('feh240211','fe','h2402','11','ディスクストライピング','ウ','020401',''),('feh240212','fe','h2402','12','dpiと描画される文字サイズ','エ','020305',''),('feh240213','fe','h2402','13','Web3層C/Sシステムの特徴','ウ','020401',''),('feh240214','fe','h2402','14','デュアルシステムの説明','ア','020401',''),('feh240215','fe','h2402','15','システム全体の稼働率を表す式','エ','020402',''),('feh240216','fe','h2402','16','システムの信頼性に関する記述','エ','020402',''),('feh240217','fe','h2402','17','タスクスケジューリング方式','ウ','020501',''),('feh240218','fe','h2402','18','フラグメンテーション','ウ','020501',''),('feh240219','fe','h2402','19','LRU方式','エ','020501',''),('feh240220','fe','h2402','20','動的リンキング','エ','020501',''),('feh240221','fe','h2402','21','ソフトウェア統合開発環境のOSS','ア','020505',''),('feh240222','fe','h2402','22','論理回路図','イ','020601',''),('feh240223','fe','h2402','23','フリップフロップ回路','エ','020601',''),('feh240224','fe','h2402','24','スタイルを定義する仕組み','イ','010205',''),('feh240225','fe','h2402','25','出力可能なデータ','エ','030903',''),('feh240226','fe','h2402','26','E-R図の説明','ア','030902',''),('feh240227','fe','h2402','27','インデックスを設定する目的','イ','030904',''),('feh240228','fe','h2402','28','データ項目の命名規約','イ','030902',''),('feh240229','fe','h2402','29','ビューの行数が減少する更新処理','ア','030903',''),('feh240230','fe','h2402','30','原子性(atomicity)の単位','エ','030904',''),('feh240231','fe','h2402','31','参照制約','ウ','030903',''),('feh240232','fe','h2402','32','回線利用率の算定','ウ','031001',''),('feh240233','fe','h2402','33','MACアドレスの構成','エ','031002',''),('feh240234','fe','h2402','34','OSI基本参照モデル','エ','031002',''),('feh240235','fe','h2402','35','スイッチングハブの機能','イ','031002',''),('feh240236','fe','h2402','36','同一ネットワークに所属する組合せ','イ','031003',''),('feh240237','fe','h2402','37','DNSキャッシュポイズニング','イ','031101',''),('feh240238','fe','h2402','38','公開鍵暗号方式','ウ','031101',''),('feh240239','fe','h2402','39','バイオメトリクス認証','イ','031101',''),('feh240240','fe','h2402','40','SQLインジェクションの説明','ア','031101',''),('feh240241','fe','h2402','41','改ざんを検知する方法','イ','031104',''),('feh240242','fe','h2402','42','アクセス権限','イ','031104',''),('feh240243','fe','h2402','43','ウイルスの調査手法','ア','031104',''),('feh240244','fe','h2402','44','ペネトレーションテスト','ウ','031103',''),('feh240245','fe','h2402','45','フールプルーフに該当するもの','エ','020401',''),('feh240246','fe','h2402','46','オブジェクト図','イ','041203',''),('feh240247','fe','h2402','47','カプセル化を説明したもの','エ','041204',''),('feh240248','fe','h2402','48','ブラックボックステスト','イ','041205',''),('feh240249','fe','h2402','49','運用テストの検査内容','エ','041209',''),('feh240250','fe','h2402','50','システムの外部設計','ア','041203',''),('feh240251','fe','h2402','51','プロジェクトのスコープ','イ','051404',''),('feh240252','fe','h2402','52','プロジェクトの時間','エ','051406',''),('feh240253','fe','h2402','53','プロジェクトのコスト','エ','051407',''),('feh240254','fe','h2402','54','サービスの運用','ア','061504',''),('feh240255','fe','h2402','55','サービスの設計・移行','ウ','061502',''),('feh240256','fe','h2402','56','サービスマネジメントプロセス','ウ','061503',''),('feh240257','fe','h2402','57','システム監査','イ','061601',''),('feh240258','fe','h2402','58','システム監査','エ','061601',''),('feh240259','fe','h2402','59','システム監査','イ','061601',''),('feh240260','fe','h2402','60','システム監査','ア','061601',''),('feh240261','fe','h2402','61','情報システム戦略','ウ','071701',''),('feh240262','fe','h2402','62','業務プロセス','イ','071702',''),('feh240263','fe','h2402','63','ソリューションビジネス','ア','071703',''),('feh240264','fe','h2402','64','情報システム戦略','ア','071701',''),('feh240265','fe','h2402','65','情報システム戦略','ア','071701',''),('feh240266','fe','h2402','66','システム化計画','ウ','071801',''),('feh240267','fe','h2402','67','経営戦略手法','ウ','081901',''),('feh240268','fe','h2402','68','マーケティング','エ','081902',''),('feh240269','fe','h2402','69','マーケティング','ア','081902',''),('feh240270','fe','h2402','70','経営管理システム','ア','081904',''),('feh240271','fe','h2402','71','経営管理システム','ア','081904',''),('feh240272','fe','h2402','72','システム活用促進・評価','エ','071704',''),('feh240273','fe','h2402','73','エンジニアリングシステム','ウ','082102',''),('feh240274','fe','h2402','74','e-ビジネス','エ','082103',''),('feh240275','fe','h2402','75','労働関連・取引関連法規','ウ','092303',''),('feh240276','fe','h2402','76','OR・IE','ウ','092202',''),('feh240277','fe','h2402','77','OR・IE','イ','092202',''),('feh240278','fe','h2402','78','OR・IE','イ','092202',''),('feh240279','fe','h2402','79','知的財産権','イ','092301',''),('feh240280','fe','h2402','80','労働関連・取引関連法規','ウ','092303',''),('feh250101','fe','h2501','01','シフト演算','イ','010101',''),('feh250102','fe','h2501','02','通信に関する理論','ウ','010104',''),('feh250103','fe','h2501','03','サンプリング間隔','ウ','010105',''),('feh250104','fe','h2501','04','パリティチェック方式の記述','ア','010104',''),('feh250105','fe','h2501','05','2分探索木','ウ','010201',''),('feh250106','fe','h2501','06','逆ポーランド表記法のスタック処理','ア','010103',''),('feh250107','fe','h2501','07','ハッシュ法','イ','010201',''),('feh250108','fe','h2501','08','流れ図の実行結果','イ','010202',''),('feh250109','fe','h2501','09','MIPS値と命令実行時間','ア','020301',''),('feh250110','fe','h2501','10','アドレス指定方式','ア','020301',''),('feh250111','fe','h2501','11','外部割込みの例として適切なもの','イ','020301',''),('feh250112','fe','h2501','12','キャッシュメモリのヒット率','イ','020302',''),('feh250113','fe','h2501','13','Bluetoothの説明','エ','020304',''),('feh250114','fe','h2501','14','フォールトトレラントシステム','ア','020401',''),('feh250115','fe','h2501','15','システムの稼働率は幾らか','ア','020402',''),('feh250116','fe','h2501','16','スループット','ア','020402',''),('feh250117','fe','h2501','17','データベース応答性能の悪化原因','エ','020402',''),('feh250118','fe','h2501','18','CPUの遊休時間は何ミリ秒か','ウ','020501',''),('feh250119','fe','h2501','19','スラッシングが発生しやすい組合せ','ア','020501',''),('feh250120','fe','h2501','20','LRU制御方式はどれか','ウ','020501',''),('feh250121','fe','h2501','21','データ復元に必要となる時間','エ','020503',''),('feh250122','fe','h2501','22','テストカバレージ分析','エ','020504',''),('feh250123','fe','h2501','23','DRAMの特徴はどれか','エ','020302',''),('feh250124','fe','h2501','24','論理回路図','ウ','020601',''),('feh250125','fe','h2501','25','3DCGのクリッピング','イ','030801',''),('feh250126','fe','h2501','26','多重度の説明のうち適切なもの','イ','030902',''),('feh250127','fe','h2501','27','関係演算の種類','ウ','030903',''),('feh250128','fe','h2501','28','SQL文','イ','030903',''),('feh250129','fe','h2501','29','LIKE句','イ','030903',''),('feh250130','fe','h2501','30','データベースの排他制御','ア','030904',''),('feh250131','fe','h2501','31','IPv4アドレスとして正しくないもの','イ','031001',''),('feh250132','fe','h2501','32','回線利用率はおよそ何%か','ウ','031001',''),('feh250133','fe','h2501','33','ネットワーク層の説明','ア','031002',''),('feh250134','fe','h2501','34','NAPT','イ','031001',''),('feh250135','fe','h2501','35','TCPコネクションの識別','ウ','031003',''),('feh250136','fe','h2501','36','UDPを使用しているもの','イ','031003',''),('feh250137','fe','h2501','37','ディジタル署名の機能','ア','031101',''),('feh250138','fe','h2501','38','フィッシング','イ','031101',''),('feh250139','fe','h2501','39','公開鍵暗号方式','ウ','031101',''),('feh250140','fe','h2501','40','SQLインジェクション攻撃','ア','031105',''),('feh250141','fe','h2501','41','磁気ディスクの廃棄処理','ウ','031104',''),('feh250142','fe','h2501','42','パケットフィルタリングルール','ア','031104',''),('feh250143','fe','h2501','43','S/MIME','エ','031101',''),('feh250144','fe','h2501','44','HTTPSを用いて実現できるもの','エ','031105',''),('feh250145','fe','h2501','45','ソフトウェア方式設計','イ','041204',''),('feh250146','fe','h2501','46','状態遷移図で設計するシステム','エ','041301',''),('feh250147','fe','h2501','47','スタブの利用方法','イ','041206',''),('feh250148','fe','h2501','48','ストレステストの目的','ア','041207',''),('feh250149','fe','h2501','49','特許クロスライセンスの説明','イ','041302',''),('feh250150','fe','h2501','50','構成管理に起因しない問題','イ','041304',''),('feh250151','fe','h2501','51','プロジェクトのスコープ','ア','051404',''),('feh250152','fe','h2501','52','プロジェクトの時間','ア','051406',''),('feh250153','fe','h2501','53','プロジェクトのコスト','ア','051407',''),('feh250154','fe','h2501','54','プロジェクトのコミュニケーション','ア','051411',''),('feh250155','fe','h2501','55','サービスの運用','イ','061504',''),('feh250156','fe','h2501','56','ファシリティマネジメント','ア','061505',''),('feh250157','fe','h2501','57','システム監査','ア','061601',''),('feh250158','fe','h2501','58','システム監査','ウ','061601',''),('feh250159','fe','h2501','59','システム監査','イ','061601',''),('feh250160','fe','h2501','60','システム監査','イ','061601',''),('feh250161','fe','h2501','61','情報システム戦略','ア','071701',''),('feh250162','fe','h2501','62','情報システム戦略','ウ','071701',''),('feh250163','fe','h2501','63','ソリューションビジネス','エ','071703',''),('feh250164','fe','h2501','64','システム化計画','イ','071801',''),('feh250165','fe','h2501','65','要件定義','イ','071802',''),('feh250166','fe','h2501','66','調達計画・実施','エ','071803',''),('feh250167','fe','h2501','67','経営戦略手法','ウ','081901',''),('feh250168','fe','h2501','68','経営戦略手法','イ','081901',''),('feh250169','fe','h2501','69','マーケティング','エ','081902',''),('feh250170','fe','h2501','70','経営管理システム','ア','081904',''),('feh250171','fe','h2501','71','e-ビジネス','ウ','082103',''),('feh250172','fe','h2501','72','民生機器','イ','082104',''),('feh250173','fe','h2501','73','e-ビジネス','エ','082103',''),('feh250174','fe','h2501','74','経営・組織論','エ','092201',''),('feh250175','fe','h2501','75','OR・IE','ア','092202',''),('feh250176','fe','h2501','76','OR・IE','ウ','092202',''),('feh250177','fe','h2501','77','会計・財務','エ','092203',''),('feh250178','fe','h2501','78','知的財産権','ウ','092301',''),('feh250179','fe','h2501','79','労働関連・取引関連法規','ア','092303',''),('feh250180','fe','h2501','80','労働関連・取引関連法規','イ','092303',''),('feh250201','fe','h2502','01','シフト演算','ウ','010101',''),('feh250202','fe','h2502','02','通信に関する理論','ア','010104',''),('feh250203','fe','h2502','03','サンプリング間隔','ウ','010105',''),('feh250204','fe','h2502','04','パリティチェック方式の記述','ウ','010104',''),('feh250205','fe','h2502','05','2分探索木','ウ','010201',''),('feh250206','fe','h2502','06','逆ポーランド表記法のスタック処理','ア','010103',''),('feh250207','fe','h2502','07','ハッシュ法','エ','010201',''),('feh250208','fe','h2502','08','流れ図の実行結果','ア','010202',''),('feh250209','fe','h2502','09','MIPS値と命令実行時間','イ','020301',''),('feh250210','fe','h2502','10','アドレス指定方式','ウ','020301',''),('feh250211','fe','h2502','11','外部割込みの例として適切なもの','イ','020301',''),('feh250212','fe','h2502','12','キャッシュメモリのヒット率','イ','020302',''),('feh250213','fe','h2502','13','Bluetoothの説明','ア','020304',''),('feh250214','fe','h2502','14','フォールトトレラントシステム','イ','020401',''),('feh250215','fe','h2502','15','システムの稼働率は幾らか','ウ','020402',''),('feh250216','fe','h2502','16','スループット','エ','020402',''),('feh250217','fe','h2502','17','データベース応答性能の悪化原因','ア','020402',''),('feh250218','fe','h2502','18','CPUの遊休時間は何ミリ秒か','ウ','020501',''),('feh250219','fe','h2502','19','スラッシングが発生しやすい組合せ','ア','020501',''),('feh250220','fe','h2502','20','LRU制御方式はどれか','ア','020501',''),('feh250221','fe','h2502','21','データ復元に必要となる時間','ウ','020503',''),('feh250222','fe','h2502','22','テストカバレージ分析','ア','020504',''),('feh250223','fe','h2502','23','DRAMの特徴はどれか','エ','020302',''),('feh250224','fe','h2502','24','論理回路図','ウ','020601',''),('feh250225','fe','h2502','25','3DCGのクリッピング','イ','030801',''),('feh250226','fe','h2502','26','多重度の説明のうち適切なもの','ウ','030902',''),('feh250227','fe','h2502','27','関係演算の種類','ア','030903',''),('feh250228','fe','h2502','28','SQL文','エ','030903',''),('feh250229','fe','h2502','29','LIKE句','エ','030903',''),('feh250230','fe','h2502','30','データベースの排他制御','ア','030904',''),('feh250231','fe','h2502','31','IPv4アドレスとして正しくないもの','イ','031001',''),('feh250232','fe','h2502','32','回線利用率はおよそ何%か','イ','031001',''),('feh250233','fe','h2502','33','ネットワーク層の説明','エ','031002',''),('feh250234','fe','h2502','34','NAPT','ウ','031001',''),('feh250235','fe','h2502','35','TCPコネクションの識別','ア','031003',''),('feh250236','fe','h2502','36','UDPを使用しているもの','イ','031003',''),('feh250237','fe','h2502','37','ディジタル署名の機能','ウ','031101',''),('feh250238','fe','h2502','38','フィッシング','ウ','031101',''),('feh250239','fe','h2502','39','公開鍵暗号方式','イ','031101',''),('feh250240','fe','h2502','40','SQLインジェクション攻撃','エ','031105',''),('feh250241','fe','h2502','41','磁気ディスクの廃棄処理','イ','031104',''),('feh250242','fe','h2502','42','パケットフィルタリングルール','イ','031104',''),('feh250243','fe','h2502','43','S/MIME','ウ','031101',''),('feh250244','fe','h2502','44','HTTPSを用いて実現できるもの','ウ','031105',''),('feh250245','fe','h2502','45','ソフトウェア方式設計','ウ','041204',''),('feh250246','fe','h2502','46','状態遷移図で設計するシステム','イ','041301',''),('feh250247','fe','h2502','47','スタブの利用方法','ウ','041206',''),('feh250248','fe','h2502','48','ストレステストの目的','エ','041207',''),('feh250249','fe','h2502','49','特許クロスライセンスの説明','ア','041302',''),('feh250250','fe','h2502','50','構成管理に起因しない問題','イ','041304',''),('feh250251','fe','h2502','51','プロジェクトのスコープ','ウ','051404',''),('feh250252','fe','h2502','52','プロジェクトの時間','エ','051406',''),('feh250253','fe','h2502','53','プロジェクトのコスト','ア','051407',''),('feh250254','fe','h2502','54','プロジェクトのコミュニケーション','エ','051411',''),('feh250255','fe','h2502','55','サービスの運用','ウ','061504',''),('feh250256','fe','h2502','56','ファシリティマネジメント','イ','061505',''),('feh250257','fe','h2502','57','システム監査','ア','061601',''),('feh250258','fe','h2502','58','システム監査','ウ','061601',''),('feh250259','fe','h2502','59','システム監査','イ','061601',''),('feh250260','fe','h2502','60','システム監査','イ','061601',''),('feh250261','fe','h2502','61','情報システム戦略','エ','071701',''),('feh250262','fe','h2502','62','情報システム戦略','ウ','071701',''),('feh250263','fe','h2502','63','ソリューションビジネス','ア','071703',''),('feh250264','fe','h2502','64','システム化計画','イ','071801',''),('feh250265','fe','h2502','65','要件定義','イ','071802',''),('feh250266','fe','h2502','66','調達計画・実施','エ','071803',''),('feh250267','fe','h2502','67','経営戦略手法','イ','081901',''),('feh250268','fe','h2502','68','経営戦略手法','ア','081901',''),('feh250269','fe','h2502','69','マーケティング','イ','081902',''),('feh250270','fe','h2502','70','経営管理システム','イ','081904',''),('feh250271','fe','h2502','71','e-ビジネス','ア','082103',''),('feh250272','fe','h2502','72','民生機器','ウ','082104',''),('feh250273','fe','h2502','73','e-ビジネス','エ','082103',''),('feh250274','fe','h2502','74','経営・組織論','ア','092201',''),('feh250275','fe','h2502','75','OR・IE','ウ','092202',''),('feh250276','fe','h2502','76','OR・IE','ア','092202',''),('feh250277','fe','h2502','77','会計・財務','イ','092203',''),('feh250278','fe','h2502','78','知的財産権','エ','092301',''),('feh250279','fe','h2502','79','労働関連・取引関連法規','ウ','092303',''),('feh250280','fe','h2502','80','労働関連・取引関連法規','ア','092303',''),('feh260101','fe','h2601','01','シフト演算','ア','010101',''),('feh260102','fe','h2601','02','通信に関する理論','ウ','010104',''),('feh260103','fe','h2601','03','サンプリング間隔','エ','010105',''),('feh260104','fe','h2601','04','パリティチェック方式の記述','ウ','010104',''),('feh260105','fe','h2601','05','2分探索木','ウ','010201',''),('feh260106','fe','h2601','06','逆ポーランド表記法のスタック処理','ウ','010103',''),('feh260107','fe','h2601','07','ハッシュ法','イ','010201',''),('feh260108','fe','h2601','08','流れ図の実行結果','ア','010202',''),('feh260109','fe','h2601','09','MIPS値と命令実行時間','エ','020301',''),('feh260110','fe','h2601','10','アドレス指定方式','エ','020301',''),('feh260111','fe','h2601','11','外部割込みの例として適切なもの','イ','020301',''),('feh260112','fe','h2601','12','キャッシュメモリのヒット率','ア','020302',''),('feh260113','fe','h2601','13','Bluetoothの説明','エ','020304',''),('feh260114','fe','h2601','14','フォールトトレラントシステム','エ','020401',''),('feh260115','fe','h2601','15','システムの稼働率は幾らか','ア','020402',''),('feh260116','fe','h2601','16','スループット','イ','020402',''),('feh260117','fe','h2601','17','データベース応答性能の悪化原因','イ','020402',''),('feh260118','fe','h2601','18','CPUの遊休時間は何ミリ秒か','ウ','020501',''),('feh260119','fe','h2601','19','スラッシングが発生しやすい組合せ','ア','020501',''),('feh260120','fe','h2601','20','LRU制御方式はどれか','エ','020501',''),('feh260121','fe','h2601','21','データ復元に必要となる時間','エ','020503',''),('feh260122','fe','h2601','22','テストカバレージ分析','ウ','020504',''),('feh260123','fe','h2601','23','DRAMの特徴はどれか','ア','020302',''),('feh260124','fe','h2601','24','論理回路図','ウ','020601',''),('feh260125','fe','h2601','25','3DCGのクリッピング','ア','030801',''),('feh260126','fe','h2601','26','多重度の説明のうち適切なもの','イ','030902',''),('feh260127','fe','h2601','27','関係演算の種類','ウ','030903',''),('feh260128','fe','h2601','28','SQL文','エ','030903',''),('feh260129','fe','h2601','29','LIKE句','イ','030903',''),('feh260130','fe','h2601','30','データベースの排他制御','ウ','030904',''),('feh260131','fe','h2601','31','IPv4アドレスとして正しくないもの','エ','031001',''),('feh260132','fe','h2601','32','回線利用率はおよそ何%か','エ','031001',''),('feh260133','fe','h2601','33','ネットワーク層の説明','ウ','031002',''),('feh260134','fe','h2601','34','NAPT','エ','031001',''),('feh260135','fe','h2601','35','TCPコネクションの識別','ア','031003',''),('feh260136','fe','h2601','36','UDPを使用しているもの','ア','031003',''),('feh260137','fe','h2601','37','ディジタル署名の機能','ウ','031101',''),('feh260138','fe','h2601','38','フィッシング','エ','031101',''),('feh260139','fe','h2601','39','公開鍵暗号方式','ア','031101',''),('feh260140','fe','h2601','40','SQLインジェクション攻撃','エ','031105',''),('feh260141','fe','h2601','41','磁気ディスクの廃棄処理','ア','031104',''),('feh260142','fe','h2601','42','パケットフィルタリングルール','ウ','031104',''),('feh260143','fe','h2601','43','S/MIME','エ','031101',''),('feh260144','fe','h2601','44','HTTPSを用いて実現できるもの','ウ','031105',''),('feh260145','fe','h2601','45','ソフトウェア方式設計','エ','041204',''),('feh260146','fe','h2601','46','状態遷移図で設計するシステム','イ','041301',''),('feh260147','fe','h2601','47','スタブの利用方法','ア','041206',''),('feh260148','fe','h2601','48','ストレステストの目的','イ','041207',''),('feh260149','fe','h2601','49','特許クロスライセンスの説明','イ','041302',''),('feh260150','fe','h2601','50','構成管理に起因しない問題','イ','041304',''),('feh260151','fe','h2601','51','プロジェクトのスコープ','ウ','051404',''),('feh260152','fe','h2601','52','プロジェクトの時間','エ','051406',''),('feh260153','fe','h2601','53','プロジェクトのコスト','エ','051407',''),('feh260154','fe','h2601','54','プロジェクトのコミュニケーション','エ','051411',''),('feh260155','fe','h2601','55','サービスの運用','ウ','061504',''),('feh260156','fe','h2601','56','ファシリティマネジメント','ア','061505',''),('feh260157','fe','h2601','57','システム監査','イ','061601',''),('feh260158','fe','h2601','58','システム監査','ア','061601',''),('feh260159','fe','h2601','59','システム監査','エ','061601',''),('feh260160','fe','h2601','60','システム監査','ア','061601',''),('feh260161','fe','h2601','61','情報システム戦略','ア','071701',''),('feh260162','fe','h2601','62','情報システム戦略','イ','071701',''),('feh260163','fe','h2601','63','ソリューションビジネス','イ','071703',''),('feh260164','fe','h2601','64','システム化計画','ウ','071801',''),('feh260165','fe','h2601','65','要件定義','ア','071802',''),('feh260166','fe','h2601','66','調達計画・実施','エ','071803',''),('feh260167','fe','h2601','67','経営戦略手法','イ','081901',''),('feh260168','fe','h2601','68','経営戦略手法','ア','081901',''),('feh260169','fe','h2601','69','マーケティング','エ','081902',''),('feh260170','fe','h2601','70','経営管理システム','エ','081904',''),('feh260171','fe','h2601','71','e-ビジネス','エ','082103',''),('feh260172','fe','h2601','72','民生機器','ア','082104',''),('feh260173','fe','h2601','73','e-ビジネス','イ','082103',''),('feh260174','fe','h2601','74','経営・組織論','イ','092201',''),('feh260175','fe','h2601','75','OR・IE','イ','092202',''),('feh260176','fe','h2601','76','OR・IE','ウ','092202',''),('feh260177','fe','h2601','77','会計・財務','エ','092203',''),('feh260178','fe','h2601','78','知的財産権','エ','092301',''),('feh260179','fe','h2601','79','労働関連・取引関連法規','ア','092303',''),('feh260180','fe','h2601','80','労働関連・取引関連法規','ア','092303',''),('feh260201','fe','h2602','01','基数変換','エ','010101',''),('feh260202','fe','h2602','02','ハッシュ法','ア','010101',''),('feh260203','fe','h2602','03','表現できるビットパターン数','エ','010101',''),('feh260204','fe','h2602','04','計算式と逆ポーランド表記法の組合せ','エ','010103',''),('feh260205','fe','h2602','05','スタックの利用が適する処理はどれか','イ','010201',''),('feh260206','fe','h2602','06','2分探索法','ア','010202',''),('feh260207','fe','h2602','07','再帰関数','エ','010202',''),('feh260208','fe','h2602','08','XMLに関する記述','エ','010205',''),('feh260209','fe','h2602','09','CPUが1秒間に実行できる命令数','エ','020301',''),('feh260210','fe','h2602','10','内部割込み','イ','020301',''),('feh260211','fe','h2602','11','主記憶の実効アクセス時間','イ','020302',''),('feh260212','fe','h2602','12','最初に実行されるプログラムの格納','ウ','020302',''),('feh260213','fe','h2602','13','ホットサイトはどれか','イ','020401',''),('feh260214','fe','h2602','14','稼働率の計算','エ','020402',''),('feh260215','fe','h2602','15','初期故障期間の対策','ウ','020402',''),('feh260216','fe','h2602','16','LRU方式','イ','020501',''),('feh260217','fe','h2602','17','タスク管理','イ','020501',''),('feh260218','fe','h2602','18','スプーリング機能の説明','ウ','020501',''),('feh260219','fe','h2602','19','絶対パス名を説明したものはどれか','エ','020503',''),('feh260220','fe','h2602','20','オープンソースライセンス','ウ','020505',''),('feh260221','fe','h2602','21','論理回路図','ウ','020601',''),('feh260222','fe','h2602','22','フリップフロップ回路','エ','020601',''),('feh260223','fe','h2602','23','消費する電力量は何Whか','ウ','020601',''),('feh260224','fe','h2602','24','出力可能なデータ','エ','030903',''),('feh260225','fe','h2602','25','最小限必要な帯域幅はおよそ幾らか','エ','030801',''),('feh260226','fe','h2602','26','スキーマの説明','イ','030902',''),('feh260227','fe','h2602','27','ハッシュインデックス','エ','030904',''),('feh260228','fe','h2602','28','第3正規形まで正規化する目的','ウ','030902',''),('feh260229','fe','h2602','29','データベースの再編成','ア','030904',''),('feh260230','fe','h2602','30','ロックの動作に関する記述','ア','030904',''),('feh260231','fe','h2602','31','バッファリング容量','ア','031001',''),('feh260232','fe','h2602','32','リピータの特徴','ウ','031002',''),('feh260233','fe','h2602','33','ウェルノウンポート番号','ア','031003',''),('feh260234','fe','h2602','34','割り振ってはいけないIPアドレス','エ','031003',''),('feh260235','fe','h2602','35','時刻を合わせるためのプロトコル','ウ','031003',''),('feh260236','fe','h2602','36','ソーシャルエンジニアリング','イ','031101',''),('feh260237','fe','h2602','37','ディジタル証明書で確認できること','ウ','031101',''),('feh260238','fe','h2602','38','情報漏えい対策はどれか','エ','031104',''),('feh260239','fe','h2602','39','リスクアセスメントに関する記述','ウ','031102',''),('feh260240','fe','h2602','40','DMZを使用したサーバの設置方法','ウ','031104',''),('feh260241','fe','h2602','41','WAFを利用する目的','ア','031105',''),('feh260242','fe','h2602','42','パターンマッチング方式','イ','031104',''),('feh260243','fe','h2602','43','HTTPSで実現できるものはどれか','ウ','031104',''),('feh260244','fe','h2602','44','ディレクトリトラバーサル攻撃','エ','031101',''),('feh260245','fe','h2602','45','ポートスキャナの利用目的はどれか','ア','031104',''),('feh260246','fe','h2602','46','決定表を説明したものはどれか','ウ','041203',''),('feh260247','fe','h2602','47','多相性の実現で特有なものはどれか','ア','041204',''),('feh260248','fe','h2602','48','ブラックボックステスト','イ','041205',''),('feh260249','fe','h2602','49','リグレッション(退行)テスト','エ','041210',''),('feh260250','fe','h2602','50','リバースエンジニアリング','エ','041301',''),('feh260251','fe','h2602','51','プロジェクトのスコープ','ア','051404',''),('feh260252','fe','h2602','52','プロジェクトの時間','ウ','051406',''),('feh260253','fe','h2602','53','プロジェクトのコスト','ウ','051407',''),('feh260254','fe','h2602','54','プロジェクトの資源','イ','051405',''),('feh260255','fe','h2602','55','プロジェクトのリスク','エ','051408',''),('feh260256','fe','h2602','56','サービスマネジメントプロセス','エ','061503',''),('feh260257','fe','h2602','57','サービスの運用','ア','061504',''),('feh260258','fe','h2602','58','サービスの運用','イ','061504',''),('feh260259','fe','h2602','59','システム監査','ア','061601',''),('feh260260','fe','h2602','60','システム監査','ウ','061601',''),('feh260261','fe','h2602','61','情報システム戦略','エ','071701',''),('feh260262','fe','h2602','62','業務プロセス','ウ','071702',''),('feh260263','fe','h2602','63','ビジネスシステム','エ','082101',''),('feh260264','fe','h2602','64','システム活用促進・評価','エ','071704',''),('feh260265','fe','h2602','65','要件定義','イ','071802',''),('feh260266','fe','h2602','66','要件定義','エ','071802',''),('feh260267','fe','h2602','67','調達計画・実施','ウ','071803',''),('feh260268','fe','h2602','68','経営戦略手法','エ','081901',''),('feh260269','fe','h2602','69','経営戦略手法','ウ','081901',''),('feh260270','fe','h2602','70','マーケティング','エ','081902',''),('feh260271','fe','h2602','71','ビジネス戦略と目標・評価','イ','081903',''),('feh260272','fe','h2602','72','エンジニアリングシステム','イ','082102',''),('feh260273','fe','h2602','73','エンジニアリングシステム','ウ','082102',''),('feh260274','fe','h2602','74','エンジニアリングシステム','ウ','082102',''),('feh260275','fe','h2602','75','経営・組織論','ウ','092201',''),('feh260276','fe','h2602','76','OR・IE','ウ','092202',''),('feh260277','fe','h2602','77','OR・IE','イ','092202',''),('feh260278','fe','h2602','78','会計・財務','イ','092203',''),('feh260279','fe','h2602','79','知的財産権','エ','092301',''),('feh260280','fe','h2602','80','労働関連・取引関連法規','ウ','092303',''),('feh270101','fe','h2701','01','ビット演算のアルゴリズム','ウ','010101',''),('feh270102','fe','h2701','02','桁落ちの説明として適切なもの','ア','010101',''),('feh270103','fe','h2701','03','期待値(平均値)は幾らか','エ','010102',''),('feh270104','fe','h2701','04','遷移確率表','イ','010103',''),('feh270105','fe','h2701','05','キューに関する記述','イ','010201',''),('feh270106','fe','h2701','06','計算量のオーダを表す式はどれか','ア','010202',''),('feh270107','fe','h2701','07','再入可能プログラムの特徴はどれか','エ','010203',''),('feh270108','fe','h2701','08','JavaBeans','ア','010204',''),('feh270109','fe','h2701','09','アドレス指定方式','ア','020301',''),('feh270110','fe','h2701','10','必要な冗長ビットは何ビットか','ウ','020302',''),('feh270111','fe','h2701','11','ストライピング','ア','020401',''),('feh270112','fe','h2701','12','磁気ディスク装置の平均待ち時間','ウ','020305',''),('feh270113','fe','h2701','13','最低何台停止すると縮退運転になるか','エ','020401',''),('feh270114','fe','h2701','14','CPUの使用率と平均応答時間の関係','ア','020402',''),('feh270115','fe','h2701','15','稼働率が最も高いシステム構成','イ','020402',''),('feh270116','fe','h2701','16','システムの信頼性に関する記述','エ','020402',''),('feh270117','fe','h2701','17','スプーリング','エ','020501',''),('feh270118','fe','h2701','18','システム応答速度が遅くなる現象','イ','020501',''),('feh270119','fe','h2701','19','スケジューリング方式','ウ','020501',''),('feh270120','fe','h2701','20','LRU方式','エ','020501',''),('feh270121','fe','h2701','21','印刷に要した時間の長い順','ア','020501',''),('feh270122','fe','h2701','22','DRAMの特徴はどれか','ウ','020302',''),('feh270123','fe','h2701','23','論理回路と論理式の関係','ウ','020601',''),('feh270124','fe','h2701','24','アウトラインフォント','エ','030801',''),('feh270125','fe','h2701','25','テクスチャマッピング','エ','030801',''),('feh270126','fe','h2701','26','3層スキーマアーキテクチャ','ウ','030901',''),('feh270127','fe','h2701','27','ストアドプロシージャの利点','ア','020401',''),('feh270128','fe','h2701','28','移動表のa，bの適切な組合せはどれか','エ','030902',''),('feh270129','fe','h2701','29','データ項目の命名規約','イ','030902',''),('feh270130','fe','h2701','30','クエリを実行するまでの処理の流れ','エ','030901',''),('feh270131','fe','h2701','31','転送時間の計算','エ','031001',''),('feh270132','fe','h2701','32','CSMA/CD方式','イ','031002',''),('feh270133','fe','h2701','33','LAN間接続装置','ウ','031002',''),('feh270134','fe','h2701','34','IPv6のIPアドレスは何ビットか','ウ','031003',''),('feh270135','fe','h2701','35','MIME','イ','031005',''),('feh270136','fe','h2701','36','IPv4のグローバルIPアドレス','ア','031003',''),('feh270137','fe','h2701','37','キーロガーの悪用例はどれか','イ','031101',''),('feh270138','fe','h2701','38','ディジタル署名を行う目的','ウ','031101',''),('feh270139','fe','h2701','39','同じ鍵を使用する暗号化方式','ア','031101',''),('feh270140','fe','h2701','40','暗号化に用いる鍵として適切なもの','ウ','031101',''),('feh270141','fe','h2701','41','バイオメトリクス認証','イ','031101',''),('feh270142','fe','h2701','42','SQLインジェクションの説明','ア','031101',''),('feh270143','fe','h2701','43','改ざんを検知する方法','イ','031104',''),('feh270144','fe','h2701','44','アクセス権限','イ','031104',''),('feh270145','fe','h2701','45','社員のスマートフォンの認証','イ','031104',''),('feh270146','fe','h2701','46','ペネトレーションテスト','ウ','031103',''),('feh270147','fe','h2701','47','E-R 図の説明はどれか','ウ','041203',''),('feh270148','fe','h2701','48','汎化－特化関係','エ','041204',''),('feh270149','fe','h2701','49','バグ管理図の読取り','ウ','041205',''),('feh270150','fe','h2701','50','ホワイトボックステスト技法','ウ','041205',''),('feh270151','fe','h2701','51','開発プロセス・手法','ウ','041301',''),('feh270152','fe','h2701','52','プロジェクトのステークホルダ','ウ','051403',''),('feh270153','fe','h2701','53','プロジェクトのスコープ','イ','051404',''),('feh270154','fe','h2701','54','プロジェクトの時間','エ','051406',''),('feh270155','fe','h2701','55','サービスの設計・移行','イ','061502',''),('feh270156','fe','h2701','56','サービスマネジメントプロセス','ウ','061503',''),('feh270157','fe','h2701','57','サービスマネジメントプロセス','ア','061503',''),('feh270158','fe','h2701','58','サービスの設計・移行','イ','061502',''),('feh270159','fe','h2701','59','システム監査','エ','061601',''),('feh270160','fe','h2701','60','システム監査','ア','061601',''),('feh270161','fe','h2701','61','業務プロセス','エ','071702',''),('feh270162','fe','h2701','62','業務プロセス','ア','071702',''),('feh270163','fe','h2701','63','業務プロセス','ウ','071702',''),('feh270164','fe','h2701','64','OR・IE','ウ','092202',''),('feh270165','fe','h2701','65','ビジネス戦略と目標・評価','ウ','081903',''),('feh270166','fe','h2701','66','システム化計画','ウ','071801',''),('feh270167','fe','h2701','67','経営戦略手法','ウ','081901',''),('feh270168','fe','h2701','68','経営戦略手法','イ','081901',''),('feh270169','fe','h2701','69','マーケティング','エ','081902',''),('feh270170','fe','h2701','70','経営管理システム','ア','081904',''),('feh270171','fe','h2701','71','システム活用促進・評価','エ','071704',''),('feh270172','fe','h2701','72','e-ビジネス','イ','082103',''),('feh270173','fe','h2701','73','e-ビジネス','ウ','082103',''),('feh270174','fe','h2701','74','e-ビジネス','イ','082103',''),('feh270175','fe','h2701','75','経営・組織論','イ','092201',''),('feh270176','fe','h2701','76','経営・組織論','ウ','092201',''),('feh270177','fe','h2701','77','OR・IE','ウ','092202',''),('feh270178','fe','h2701','78','OR・IE','イ','092202',''),('feh270179','fe','h2701','79','セキュリティ関連法規','エ','092302',''),('feh270180','fe','h2701','80','標準化関連','ア','092305',''),('feh270201','fe','h2702','01','基数変換','ウ','010101',''),('feh270202','fe','h2702','02','最短経路数の問題','エ','010102',''),('feh270203','fe','h2702','03','関数と関係式','エ','010202',''),('feh270204','fe','h2702','04','ディジタル化して演算する利点','イ','010103',''),('feh270205','fe','h2702','05','ポインタを用いた線形リストの特徴','エ','010201',''),('feh270206','fe','h2702','06','図形回転アルゴリズム','エ','010202',''),('feh270207','fe','h2702','07','クイックソートの記述','ア','010202',''),('feh270208','fe','h2702','08','再帰関数の値はどれか','ウ','010202',''),('feh270209','fe','h2702','09','MIPS値と命令実行時間','ア','020301',''),('feh270210','fe','h2702','10','平均メモリアクセス時間が増加する原因','イ','020302',''),('feh270211','fe','h2702','11','デバイスドライバの役割','ア','020304',''),('feh270212','fe','h2702','12','ファイル領域管理','エ','020305',''),('feh270213','fe','h2702','13','3層C/Sシステムの特徴','ウ','020401',''),('feh270214','fe','h2702','14','MTBFとMTTRに関する記述','エ','020402',''),('feh270215','fe','h2702','15','稼働率の差は幾らか','ウ','020402',''),('feh270216','fe','h2702','16','スループットを高めるための方式','ア','020501',''),('feh270217','fe','h2702','17','ページ入替え方式','エ','020501',''),('feh270218','fe','h2702','18','動的再配置に要するアクセス時間','エ','020501',''),('feh270219','fe','h2702','19','コンパイラの構文解析','ア','010103',''),('feh270220','fe','h2702','20','オープンソースの統合開発環境','ア','020505',''),('feh270221','fe','h2702','21','DRAMの特徴はどれか','エ','020302',''),('feh270222','fe','h2702','22','チャタリング','ウ','020601',''),('feh270223','fe','h2702','23','回路の出力Xを表す論理式はどれか','ウ','020601',''),('feh270224','fe','h2702','24','Webサイトの経路情報','エ','030702',''),('feh270225','fe','h2702','25','DBMSの機能','ウ','030901',''),('feh270226','fe','h2702','26','キー値が同一の算出結果となる方式','ウ','030904',''),('feh270227','fe','h2702','27','関係\"注文明細\"として適切なもの','エ','030902',''),('feh270228','fe','h2702','28','最も大きな値が得られるSQL文','イ','030903',''),('feh270229','fe','h2702','29','ロックの両立性に関する記述','イ','030904',''),('feh270230','fe','h2702','30','伝送時間の計算','エ','031001',''),('feh270231','fe','h2702','31','OSI基本参照モデルの第3層','エ','031002',''),('feh270232','fe','h2702','32','IPアドレスを自動設定するプロトコル','ア','031003',''),('feh270233','fe','h2702','33','IPv6で追加・変更された仕様','ア','031003',''),('feh270234','fe','h2702','34','IPv4アドレスに関する記述','イ','031003',''),('feh270235','fe','h2702','35','TCPコネクションの識別','イ','031003',''),('feh270236','fe','h2702','36','ディジタル署名の機能','ア','031101',''),('feh270237','fe','h2702','37','ブルートフォース攻撃','ア','031101',''),('feh270238','fe','h2702','38','公開鍵暗号方式','ウ','031101',''),('feh270239','fe','h2702','39','標的型攻撃メールの特徴','イ','031101',''),('feh270240','fe','h2702','40','ISMS適合性評価制度の説明はどれか','ウ','031102',''),('feh270241','fe','h2702','41','LANアナライザ使用時の注意点','イ','031104',''),('feh270242','fe','h2702','42','SQLインジェクション攻撃','ア','031105',''),('feh270243','fe','h2702','43','ハッシュ値によるワームの検知','ア','031104',''),('feh270244','fe','h2702','44','パケットフィルタリングルール','ア','031104',''),('feh270245','fe','h2702','45','2要素認証に該当するものはどれか','イ','031104',''),('feh270246','fe','h2702','46','モデレータの役割はどれか','エ','041205',''),('feh270247','fe','h2702','47','判定条件網羅のテストケース','ウ','041205',''),('feh270248','fe','h2702','48','ボトムアップテストの特徴','エ','041206',''),('feh270249','fe','h2702','49','リバースエンジニアリング','ウ','041301',''),('feh270250','fe','h2702','50','共通フレームのプロセス','エ','041301',''),('feh270251','fe','h2702','51','プロジェクトの時間','イ','051406',''),('feh270252','fe','h2702','52','プロジェクトのコスト','ア','051407',''),('feh270253','fe','h2702','53','プロジェクトの資源','ウ','051405',''),('feh270254','fe','h2702','54','プロジェクトのリスク','エ','051408',''),('feh270255','fe','h2702','55','サービスの運用','イ','061504',''),('feh270256','fe','h2702','56','サービスの運用','ウ','061504',''),('feh270257','fe','h2702','57','内部統制','ア','061602',''),('feh270258','fe','h2702','58','システム監査','ア','061601',''),('feh270259','fe','h2702','59','システム監査','イ','061601',''),('feh270260','fe','h2702','60','システム監査','ウ','061601',''),('feh270261','fe','h2702','61','業務プロセス','イ','071702',''),('feh270262','fe','h2702','62','業務プロセス','ア','071702',''),('feh270263','fe','h2702','63','ソリューションビジネス','エ','071703',''),('feh270264','fe','h2702','64','システム活用促進・評価','エ','071704',''),('feh270265','fe','h2702','65','情報システム戦略','ア','071701',''),('feh270266','fe','h2702','66','調達計画・実施','ウ','071803',''),('feh270267','fe','h2702','67','マーケティング','イ','081902',''),('feh270268','fe','h2702','68','経営戦略手法','ア','081901',''),('feh270269','fe','h2702','69','マーケティング','ア','081902',''),('feh270270','fe','h2702','70','ビジネス戦略と目標・評価','エ','081903',''),('feh270271','fe','h2702','71','エンジニアリングシステム','ウ','082102',''),('feh270272','fe','h2702','72','民生機器','エ','082104',''),('feh270273','fe','h2702','73','マーケティング','イ','081902',''),('feh270274','fe','h2702','74','ビジネスシステム','イ','082101',''),('feh270275','fe','h2702','75','経営・組織論','エ','092201',''),('feh270276','fe','h2702','76','会計・財務','イ','092203',''),('feh270277','fe','h2702','77','会計・財務','イ','092203',''),('feh270278','fe','h2702','78','会計・財務','ウ','092203',''),('feh270279','fe','h2702','79','セキュリティ関連法規','ア','092302',''),('feh270280','fe','h2702','80','労働関連・取引関連法規','ア','092303',''),('feh280101','fe','h2801','01','シフト演算を使った2進数の乗算','ウ','010101',''),('feh280102','fe','h2801','02','オートマトンで受理されるビット列','ウ','010103',''),('feh280103','fe','h2801','03','正規表現が表現する文字列','エ','010103',''),('feh280104','fe','h2801','04','音声サンプリング間隔','ウ','010105',''),('feh280105','fe','h2801','05','2分木の節の値','ア','010201',''),('feh280106','fe','h2801','06','2次元の整数型配列','エ','010201',''),('feh280107','fe','h2801','07','再帰関数','ウ','010203',''),('feh280108','fe','h2801','08','流れ図の実行結果','イ','010202',''),('feh280109','fe','h2801','09','クロック周波数に関する記述','ア','020301',''),('feh280110','fe','h2801','10','パイプラインの命令実行制御の順序','ウ','020301',''),('feh280111','fe','h2801','11','キャッシュメモリの効果','イ','020302',''),('feh280112','fe','h2801','12','最低限必要なビデオメモリ容量','ア','020302',''),('feh280113','fe','h2801','13','ジョブを処理する能力の評価尺度','ウ','020402',''),('feh280114','fe','h2801','14','システムの稼働率','エ','020402',''),('feh280115','fe','h2801','15','システムの稼働率に関する記述','ウ','020402',''),('feh280116','fe','h2801','16','優先度に基づくスケジューリング','ウ','020501',''),('feh280117','fe','h2801','17','入出力管理におけるバッファの機能','イ','020501',''),('feh280118','fe','h2801','18','コマンド間でデータを受け渡す仕組み','ア','020505',''),('feh280119','fe','h2801','19','コンパイラにおける最適化','ウ','020504',''),('feh280120','fe','h2801','20','リンカの機能として適切なもの','ウ','020504',''),('feh280121','fe','h2801','21','静的テストツールの機能','ア','020504',''),('feh280122','fe','h2801','22','RFIDの活用事例','エ','020601',''),('feh280123','fe','h2801','23','論理回路図','ウ','020601',''),('feh280124','fe','h2801','24','HTML文書のデザインを扱う標準仕様','イ','010205',''),('feh280125','fe','h2801','25','3DCGのクリッピング','イ','030801',''),('feh280126','fe','h2801','26','関係モデルと関係データベースの対応','ア','030901',''),('feh280127','fe','h2801','27','関係Zを得る関係代数演算はどれか','ア','030903',''),('feh280128','fe','h2801','28','ACID特性','イ','030904',''),('feh280129','fe','h2801','29','外部キ一定義','ア','030902',''),('feh280130','fe','h2801','30','排他制御','エ','030904',''),('feh280131','fe','h2801','31','データの伝送時間','エ','031001',''),('feh280132','fe','h2801','32','ネットワーク機器','イ','031002',''),('feh280133','fe','h2801','33','NAPT','ウ','031001',''),('feh280134','fe','h2801','34','ブロードキャストアドレスはどれか','ウ','031003',''),('feh280135','fe','h2801','35','戻りのパケットでのポート番号','ア','031003',''),('feh280136','fe','h2801','36','検索結果を細工する攻撃の名称','イ','031101',''),('feh280137','fe','h2801','37','SQLインジェクション攻撃の説明','ア','031101',''),('feh280138','fe','h2801','38','スパイウェアに該当するもの','ウ','031101',''),('feh280139','fe','h2801','39','認証局(CA)の役割','イ','031101',''),('feh280140','fe','h2801','40','パスワードリマインダ','イ','031101',''),('feh280141','fe','h2801','41','SaaSを利用時のセキュリティ管理','ウ','031102',''),('feh280142','fe','h2801','42','BYODの説明はどれか','エ','031102',''),('feh280143','fe','h2801','43','Web Application Firewall','イ','031105',''),('feh280144','fe','h2801','44','ディジタルフォレンジックス','ウ','031104',''),('feh280145','fe','h2801','45','磁気ディスクの廃棄処理','ウ','031104',''),('feh280146','fe','h2801','46','ソフトウェア方式設計','イ','041204',''),('feh280147','fe','h2801','47','モジュール結合度が最も弱いもの','ウ','041204',''),('feh280148','fe','h2801','48','状態遷移テストに関する記述','ウ','041206',''),('feh280149','fe','h2801','49','テストケースの最小数','ア','041205',''),('feh280150','fe','h2801','50','構成管理に起因しない問題','イ','041304',''),('feh280151','fe','h2801','51','プロジェクトのスコープ','エ','051404',''),('feh280152','fe','h2801','52','プロジェクトのスコープ','イ','051404',''),('feh280153','fe','h2801','53','プロジェクトの時間','イ','051406',''),('feh280154','fe','h2801','54','プロジェクトのコミュニケーション','エ','051411',''),('feh280155','fe','h2801','55','サービスマネジメント','ウ','061501',''),('feh280156','fe','h2801','56','サービスマネジメントプロセス','ウ','061503',''),('feh280157','fe','h2801','57','サービスマネジメントプロセス','ア','061503',''),('feh280158','fe','h2801','58','ファシリティマネジメント','ア','061505',''),('feh280159','fe','h2801','59','システム監査','イ','061601',''),('feh280160','fe','h2801','60','システム監査','ウ','061601',''),('feh280161','fe','h2801','61','システム監査','エ','061601',''),('feh280162','fe','h2801','62','情報システム戦略','ウ','071701',''),('feh280163','fe','h2801','63','情報システム戦略','イ','071701',''),('feh280164','fe','h2801','64','業務プロセス','ウ','071702',''),('feh280165','fe','h2801','65','産業機器','エ','082105',''),('feh280166','fe','h2801','66','調達計画・実施','エ','071803',''),('feh280167','fe','h2801','67','経営戦略手法','イ','081901',''),('feh280168','fe','h2801','68','経営戦略手法','イ','081901',''),('feh280169','fe','h2801','69','経営戦略手法','イ','081901',''),('feh280170','fe','h2801','70','調達計画・実施','エ','071803',''),('feh280171','fe','h2801','71','システム活用促進・評価','ア','071704',''),('feh280172','fe','h2801','72','エンジニアリングシステム','エ','082102',''),('feh280173','fe','h2801','73','e-ビジネス','ウ','082103',''),('feh280174','fe','h2801','74','e-ビジネス','イ','082103',''),('feh280175','fe','h2801','75','経営・組織論','ウ','092201',''),('feh280176','fe','h2801','76','経営・組織論','ア','092201',''),('feh280177','fe','h2801','77','OR・IE','ア','092202',''),('feh280178','fe','h2801','78','会計・財務','エ','092203',''),('feh280179','fe','h2801','79','知的財産権','エ','092301',''),('feh280180','fe','h2801','80','労働関連・取引関連法規','ア','092303',''),('feh280201','fe','h2802','01','離散数学','ウ','010101',''),('feh280202','fe','h2802','02','離散数学','エ','010101',''),('feh280203','fe','h2802','03','情報に関する理論','ア','010103',''),('feh280204','fe','h2802','04','離散数学','エ','010101',''),('feh280205','fe','h2802','05','計測・制御に関する理論','ア','010105',''),('feh280206','fe','h2802','06','データ構造','イ','010201',''),('feh280207','fe','h2802','07','アルゴリズム','イ','010202',''),('feh280208','fe','h2802','08','プログラム言語','ウ','010204',''),('feh280209','fe','h2802','09','プロセッサ','ア','020301',''),('feh280210','fe','h2802','10','プロセッサ','エ','020301',''),('feh280211','fe','h2802','11','バス','ウ','020303',''),('feh280212','fe','h2802','12','システムの構成','ア','020401',''),('feh280213','fe','h2802','13','システムの構成','ウ','020401',''),('feh280214','fe','h2802','14','システムの構成','エ','020401',''),('feh280215','fe','h2802','15','システムの評価指標','エ','020402',''),('feh280216','fe','h2802','16','システムの評価指標','ウ','020402',''),('feh280217','fe','h2802','17','オペレーティングシステム','ア','020501',''),('feh280218','fe','h2802','18','オペレーティングシステム','ウ','020501',''),('feh280219','fe','h2802','19','オペレーティングシステム','ア','020501',''),('feh280220','fe','h2802','20','ファイルシステム','イ','020503',''),('feh280221','fe','h2802','21','ハードウェア','ウ','020601',''),('feh280222','fe','h2802','22','ハードウェア','エ','020601',''),('feh280223','fe','h2802','23','ハードウェア','ア','020601',''),('feh280224','fe','h2802','24','インタフェース設計','エ','030702',''),('feh280225','fe','h2802','25','マルチメディア技術','ウ','030801',''),('feh280226','fe','h2802','26','データベース設計','イ','030902',''),('feh280227','fe','h2802','27','データベース設計','ア','030902',''),('feh280228','fe','h2802','28','データ操作','ア','030903',''),('feh280229','fe','h2802','29','データ操作','ウ','030903',''),('feh280230','fe','h2802','30','トランザクション処理','エ','030904',''),('feh280231','fe','h2802','31','データ通信と制御','エ','031002',''),('feh280232','fe','h2802','32','通信プロトコル','イ','031003',''),('feh280233','fe','h2802','33','通信プロトコル','イ','031003',''),('feh280234','fe','h2802','34','通信プロトコル','イ','031003',''),('feh280235','fe','h2802','35','ネットワーク方式','イ','031001',''),('feh280236','fe','h2802','36','情報セキュリティ','ア','031101',''),('feh280237','fe','h2802','37','情報セキュリティ管理','ア','031102',''),('feh280238','fe','h2802','38','情報セキュリティ','ア','031101',''),('feh280239','fe','h2802','39','情報セキュリティ','ウ','031101',''),('feh280240','fe','h2802','40','情報セキュリティ','エ','031101',''),('feh280241','fe','h2802','41','情報セキュリティ','イ','031101',''),('feh280242','fe','h2802','42','情報セキュリティ対策','ア','031104',''),('feh280243','fe','h2802','43','情報セキュリティ対策','エ','031104',''),('feh280244','fe','h2802','44','情報セキュリティ','ア','031101',''),('feh280245','fe','h2802','45','情報セキュリティ','ウ','031101',''),('feh280246','fe','h2802','46','システムの構成','エ','020401',''),('feh280247','fe','h2802','47','ソフトウェア方式設計・詳細設計','エ','041204',''),('feh280248','fe','h2802','48','ソフトウェア構築','エ','041205',''),('feh280249','fe','h2802','49','ソフトウェア結合・適格性テスト','ウ','041206',''),('feh280250','fe','h2802','50','開発プロセス・手法','エ','041301',''),('feh280251','fe','h2802','51','プロジェクトの統合','ア','051402',''),('feh280252','fe','h2802','52','プロジェクトの時間','ア','051406',''),('feh280253','fe','h2802','53','プロジェクトのコスト','イ','051407',''),('feh280254','fe','h2802','54','プロジェクトの資源','エ','051405',''),('feh280255','fe','h2802','55','サービスの運用','ア','061504',''),('feh280256','fe','h2802','56','サービスマネジメント','イ','061501',''),('feh280257','fe','h2802','57','サービスマネジメントプロセス','エ','061503',''),('feh280258','fe','h2802','58','システム監査','ア','061601',''),('feh280259','fe','h2802','59','システム監査','イ','061601',''),('feh280260','fe','h2802','60','システム監査','ア','061601',''),('feh280261','fe','h2802','61','情報システム戦略','ウ','071701',''),('feh280262','fe','h2802','62','情報システム戦略','エ','071701',''),('feh280263','fe','h2802','63','業務プロセス','ア','071702',''),('feh280264','fe','h2802','64','OR・IE','イ','092202',''),('feh280265','fe','h2802','65','調達計画・実施','ウ','071803',''),('feh280266','fe','h2802','66','調達計画・実施','ウ','071803',''),('feh280267','fe','h2802','67','マーケティング','エ','081902',''),('feh280268','fe','h2802','68','マーケティング','エ','081902',''),('feh280269','fe','h2802','69','経営管理システム','ア','081904',''),('feh280270','fe','h2802','70','技術開発戦略の立案','イ','082001',''),('feh280271','fe','h2802','71','OR・IE','エ','092202',''),('feh280272','fe','h2802','72','OR・IE','ウ','092202',''),('feh280273','fe','h2802','73','e-ビジネス','エ','082103',''),('feh280274','fe','h2802','74','e-ビジネス','エ','082103',''),('feh280275','fe','h2802','75','経営・組織論','ウ','092201',''),('feh280276','fe','h2802','76','経営・組織論','イ','092201',''),('feh280277','fe','h2802','77','OR・IE','イ','092202',''),('feh280278','fe','h2802','78','OR・IE','エ','092202',''),('feh280279','fe','h2802','79','知的財産権','ア','092301',''),('feh280280','fe','h2802','80','セキュリティ関連法規','ア','092302',''),('feh290101','fe','h2901','01','離散数学','エ','010101',''),('feh290102','fe','h2901','02','離散数学','エ','010101',''),('feh290103','fe','h2901','03','離散数学','イ','010101',''),('feh290104','fe','h2901','04','データ構造','ア','010201',''),('feh290105','fe','h2901','05','アルゴリズム','ア','010202',''),('feh290106','fe','h2901','06','アルゴリズム','イ','010202',''),('feh290107','fe','h2901','07','アルゴリズム','ウ','010202',''),('feh290108','fe','h2901','08','プロセッサ','エ','020301',''),('feh290109','fe','h2901','09','メモリ','エ','020302',''),('feh290110','fe','h2901','10','入出力デバイス','エ','020304',''),('feh290111','fe','h2901','11','システムの構成','エ','020401',''),('feh290112','fe','h2901','12','システムの構成','イ','020401',''),('feh290113','fe','h2901','13','システムの評価指標','イ','020402',''),('feh290114','fe','h2901','14','システムの評価指標','ウ','020402',''),('feh290115','fe','h2901','15','オペレーティングシステム','ア','020501',''),('feh290116','fe','h2901','16','オペレーティングシステム','ウ','020501',''),('feh290117','fe','h2901','17','オペレーティングシステム','エ','020501',''),('feh290118','fe','h2901','18','ファイルシステム','ア','020503',''),('feh290119','fe','h2901','19','オペレーティングシステム','イ','020501',''),('feh290120','fe','h2901','20','ハードウェア','ア','020601',''),('feh290121','fe','h2901','21','ハードウェア','ウ','020601',''),('feh290122','fe','h2901','22','ハードウェア','ア','020601',''),('feh290123','fe','h2901','23','インタフェース設計','ア','030702',''),('feh290124','fe','h2901','24','マルチメディア技術','イ','030801',''),('feh290125','fe','h2901','25','データベース設計','イ','030902',''),('feh290126','fe','h2901','26','データベース設計','エ','030902',''),('feh290127','fe','h2901','27','データ操作','エ','030903',''),('feh290128','fe','h2901','28','トランザクション処理','ア','030904',''),('feh290129','fe','h2901','29','データベース応用','ウ','030905',''),('feh290130','fe','h2901','30','ネットワーク方式','ウ','031001',''),('feh290131','fe','h2901','31','データ通信と制御','ア','031002',''),('feh290132','fe','h2901','32','ネットワーク方式','イ','031001',''),('feh290133','fe','h2901','33','データ通信と制御','ア','031002',''),('feh290134','fe','h2901','34','通信プロトコル','イ','031003',''),('feh290135','fe','h2901','35','ネットワーク管理','ウ','031004',''),('feh290136','fe','h2901','36','情報セキュリティ','イ','031101',''),('feh290137','fe','h2901','37','情報セキュリティ','イ','031101',''),('feh290138','fe','h2901','38','情報セキュリティ','ア','031101',''),('feh290139','fe','h2901','39','情報セキュリティ管理','ウ','031102',''),('feh290140','fe','h2901','40','情報セキュリティ','ウ','031101',''),('feh290141','fe','h2901','41','情報セキュリティ','ウ','031101',''),('feh290142','fe','h2901','42','セキュリティ実装技術','ウ','031105',''),('feh290143','fe','h2901','43','情報セキュリティ対策','ウ','031104',''),('feh290144','fe','h2901','44','セキュリティ実装技術','エ','031105',''),('feh290145','fe','h2901','45','情報セキュリティ対策','ア','031104',''),('feh290146','fe','h2901','46','ソフトウェア要件定義','ア','041203',''),('feh290147','fe','h2901','47','ソフトウェア方式設計・詳細設計','ウ','041204',''),('feh290148','fe','h2901','48','ソフトウェア方式設計・詳細設計','エ','041204',''),('feh290149','fe','h2901','49','ソフトウェア構築','イ','041205',''),('feh290150','fe','h2901','50','開発プロセス・手法','イ','041301',''),('feh290151','fe','h2901','51','プロジェクトの時間','ウ','051406',''),('feh290152','fe','h2901','52','プロジェクトのコスト','ウ','051407',''),('feh290153','fe','h2901','53','プロジェクトの品質','エ','051409',''),('feh290154','fe','h2901','54','プロジェクトの時間','ウ','051406',''),('feh290155','fe','h2901','55','サービスマネジメント','ア','061501',''),('feh290156','fe','h2901','56','サービスの設計・移行','ウ','061502',''),('feh290157','fe','h2901','57','サービスマネジメントプロセス','エ','061503',''),('feh290158','fe','h2901','58','システム監査','ウ','061601',''),('feh290159','fe','h2901','59','システム監査','イ','061601',''),('feh290160','fe','h2901','60','システム監査','ア','061601',''),('feh290161','fe','h2901','61','情報システム戦略','イ','071701',''),('feh290162','fe','h2901','62','ソリューションビジネス','ウ','071703',''),('feh290163','fe','h2901','63','ソリューションビジネス','イ','071703',''),('feh290164','fe','h2901','64','システム活用促進・評価','エ','071704',''),('feh290165','fe','h2901','65','要件定義','イ','071802',''),('feh290166','fe','h2901','66','要件定義','イ','071802',''),('feh290167','fe','h2901','67','経営戦略手法','ア','081901',''),('feh290168','fe','h2901','68','経営戦略手法','ウ','081901',''),('feh290169','fe','h2901','69','経営戦略手法','イ','081901',''),('feh290170','fe','h2901','70','ビジネス戦略と目標・評価','ウ','081903',''),('feh290171','fe','h2901','71','エンジニアリングシステム','イ','082102',''),('feh290172','fe','h2901','72','エンジニアリングシステム','ウ','082102',''),('feh290173','fe','h2901','73','e-ビジネス','イ','082103',''),('feh290174','fe','h2901','74','e-ビジネス','エ','082103',''),('feh290175','fe','h2901','75','OR・IE','ウ','092202',''),('feh290176','fe','h2901','76','OR・IE','イ','092202',''),('feh290177','fe','h2901','77','会計・財務','イ','092203',''),('feh290178','fe','h2901','78','会計・財務','ウ','092203',''),('feh290179','fe','h2901','79','知的財産権','エ','092301',''),('feh290180','fe','h2901','80','知的財産権','ウ','092301',''),('feh290201','fe','h2902','01','離散数学','ア','010101',''),('feh290202','fe','h2902','02','通信に関する理論','ア','010104',''),('feh290203','fe','h2902','03','計測・制御に関する理論','ウ','010105',''),('feh290204','fe','h2902','04','計測・制御に関する理論','イ','010105',''),('feh290205','fe','h2902','05','データ構造','ウ','010201',''),('feh290206','fe','h2902','06','プログラミング','イ','010203',''),('feh290207','fe','h2902','07','プログラミング','イ','010203',''),('feh290208','fe','h2902','08','プログラム言語','エ','010204',''),('feh290209','fe','h2902','09','プロセッサ','エ','020301',''),('feh290210','fe','h2902','10','プロセッサ','ア','020301',''),('feh290211','fe','h2902','11','入出力デバイス','イ','020304',''),('feh290212','fe','h2902','12','システムの構成','ウ','020401',''),('feh290213','fe','h2902','13','システムの構成','ア','020401',''),('feh290214','fe','h2902','14','システムの構成','ア','020401',''),('feh290215','fe','h2902','15','システムの評価指標','ア','020402',''),('feh290216','fe','h2902','16','オペレーティングシステム','ア','020501',''),('feh290217','fe','h2902','17','オペレーティングシステム','ア','020501',''),('feh290218','fe','h2902','18','オペレーティングシステム','ウ','020501',''),('feh290219','fe','h2902','19','オペレーティングシステム','エ','020501',''),('feh290220','fe','h2902','20','オペレーティングシステム','ア','020501',''),('feh290221','fe','h2902','21','ハードウェア','イ','020601',''),('feh290222','fe','h2902','22','ハードウェア','ウ','020601',''),('feh290223','fe','h2902','23','ハードウェア','ウ','020601',''),('feh290224','fe','h2902','24','インタフェース設計','ア','030702',''),('feh290225','fe','h2902','25','マルチメディア技術','イ','030801',''),('feh290226','fe','h2902','26','システムの構成','エ','020401',''),('feh290227','fe','h2902','27','データベース設計','ウ','030902',''),('feh290228','fe','h2902','28','データベース設計','イ','030902',''),('feh290229','fe','h2902','29','トランザクション処理','ア','030904',''),('feh290230','fe','h2902','30','トランザクション処理','エ','030904',''),('feh290231','fe','h2902','31','ネットワーク方式','ア','031001',''),('feh290232','fe','h2902','32','データ通信と制御','イ','031002',''),('feh290233','fe','h2902','33','ネットワーク方式','エ','031001',''),('feh290234','fe','h2902','34','通信プロトコル','エ','031003',''),('feh290235','fe','h2902','35','通信プロトコル','イ','031003',''),('feh290236','fe','h2902','36','情報セキュリティ','ア','031101',''),('feh290237','fe','h2902','37','情報セキュリティ','イ','031101',''),('feh290238','fe','h2902','38','情報セキュリティ','エ','031101',''),('feh290239','fe','h2902','39','情報セキュリティ','ア','031101',''),('feh290240','fe','h2902','40','情報セキュリティ','ウ','031101',''),('feh290241','fe','h2902','41','情報セキュリティ','エ','031101',''),('feh290242','fe','h2902','42','情報セキュリティ管理','ウ','031102',''),('feh290243','fe','h2902','43','情報セキュリティ管理','イ','031102',''),('feh290244','fe','h2902','44','セキュリティ実装技術','エ','031105',''),('feh290245','fe','h2902','45','セキュリティ技術評価','ウ','031103',''),('feh290246','fe','h2902','46','ソフトウェア要件定義','ウ','041203',''),('feh290247','fe','h2902','47','ソフトウェア方式設計・詳細設計','イ','041204',''),('feh290248','fe','h2902','48','ソフトウェア方式設計・詳細設計','イ','041204',''),('feh290249','fe','h2902','49','ソフトウェア構築','イ','041205',''),('feh290250','fe','h2902','50','開発プロセス・手法','ウ','041301',''),('feh290251','fe','h2902','51','プロジェクトのコスト','ウ','051407',''),('feh290252','fe','h2902','52','プロジェクトのコスト','エ','051407',''),('feh290253','fe','h2902','53','プロジェクトの時間','エ','051406',''),('feh290254','fe','h2902','54','プロジェクトの品質','エ','051409',''),('feh290255','fe','h2902','55','サービスマネジメントプロセス','イ','061503',''),('feh290256','fe','h2902','56','サービスの運用','ア','061504',''),('feh290257','fe','h2902','57','ファシリティマネジメント','ア','061505',''),('feh290258','fe','h2902','58','システム監査','エ','061601',''),('feh290259','fe','h2902','59','システム監査','イ','061601',''),('feh290260','fe','h2902','60','システム監査','ア','061601',''),('feh290261','fe','h2902','61','OR・IE','ウ','092202',''),('feh290262','fe','h2902','62','ソリューションビジネス','エ','071703',''),('feh290263','fe','h2902','63','OR・IE','エ','092202',''),('feh290264','fe','h2902','64','調達計画・実施','エ','071803',''),('feh290265','fe','h2902','65','システム活用促進・評価','ア','071704',''),('feh290266','fe','h2902','66','OR・IE','ア','092202',''),('feh290267','fe','h2902','67','経営戦略手法','ウ','081901',''),('feh290268','fe','h2902','68','経営戦略手法','エ','081901',''),('feh290269','fe','h2902','69','経営管理システム','ア','081904',''),('feh290270','fe','h2902','70','経営戦略手法','イ','081901',''),('feh290271','fe','h2902','71','産業機器','イ','082105',''),('feh290272','fe','h2902','72','エンジニアリングシステム','エ','082102',''),('feh290273','fe','h2902','73','民生機器','エ','082104',''),('feh290274','fe','h2902','74','民生機器','イ','082104',''),('feh290275','fe','h2902','75','経営・組織論','ア','092201',''),('feh290276','fe','h2902','76','経営・組織論','イ','092201',''),('feh290277','fe','h2902','77','会計・財務','エ','092203',''),('feh290278','fe','h2902','78','会計・財務','ウ','092203',''),('feh290279','fe','h2902','79','労働関連・取引関連法規','イ','092303',''),('feh290280','fe','h2902','80','労働関連・取引関連法規','ウ','092303',''),('feh300101','fe','h3001','01','離散数学','ア','010101',''),('feh300102','fe','h3001','02','応用数学','エ','010102',''),('feh300103','fe','h3001','03','情報に関する理論','ウ','010103',''),('feh300104','fe','h3001','04','情報に関する理論','ア','010103',''),('feh300105','fe','h3001','05','データ構造','ウ','010201',''),('feh300106','fe','h3001','06','データ構造','ウ','010201',''),('feh300107','fe','h3001','07','アルゴリズム','ウ','010202',''),('feh300108','fe','h3001','08','その他の言語','エ','010205',''),('feh300109','fe','h3001','09','プロセッサ','エ','020301',''),('feh300110','fe','h3001','10','プロセッサ','イ','020301',''),('feh300111','fe','h3001','11','メモリ','ウ','020302',''),('feh300112','fe','h3001','12','メモリ','エ','020302',''),('feh300113','fe','h3001','13','システムの構成','ア','020401',''),('feh300114','fe','h3001','14','システムの構成','イ','020401',''),('feh300115','fe','h3001','15','システムの構成','ア','020401',''),('feh300116','fe','h3001','16','オペレーティングシステム','ウ','020501',''),('feh300117','fe','h3001','17','ファイルシステム','エ','020503',''),('feh300118','fe','h3001','18','開発ツール','ア','020504',''),('feh300119','fe','h3001','19','オープンソースソフトウェア','イ','020505',''),('feh300120','fe','h3001','20','オープンソースソフトウェア','ア','020505',''),('feh300121','fe','h3001','21','ハードウェア','ウ','020601',''),('feh300122','fe','h3001','22','メモリ','エ','020302',''),('feh300123','fe','h3001','23','ハードウェア','ア','020601',''),('feh300124','fe','h3001','24','インタフェース設計','エ','030702',''),('feh300125','fe','h3001','25','マルチメディア技術','エ','030801',''),('feh300126','fe','h3001','26','マルチメディア応用','イ','030802',''),('feh300127','fe','h3001','27','データベース方式','イ','030901',''),('feh300128','fe','h3001','28','データ操作','ア','030903',''),('feh300129','fe','h3001','29','トランザクション処理','エ','030904',''),('feh300130','fe','h3001','30','トランザクション処理','ウ','030904',''),('feh300131','fe','h3001','31','ネットワーク方式','エ','031001',''),('feh300132','fe','h3001','32','通信プロトコル','エ','031003',''),('feh300133','fe','h3001','33','通信プロトコル','ア','031003',''),('feh300134','fe','h3001','34','ネットワーク応用','ア','031005',''),('feh300135','fe','h3001','35','ネットワーク応用','ア','031005',''),('feh300136','fe','h3001','36','情報セキュリティ','エ','031101',''),('feh300137','fe','h3001','37','情報セキュリティ','ウ','031101',''),('feh300138','fe','h3001','38','情報セキュリティ','イ','031101',''),('feh300139','fe','h3001','39','情報セキュリティ管理','ア','031102',''),('feh300140','fe','h3001','40','情報セキュリティ対策','イ','031104',''),('feh300141','fe','h3001','41','セキュリティ実装技術','ア','031105',''),('feh300142','fe','h3001','42','情報セキュリティ','エ','031101',''),('feh300143','fe','h3001','43','セキュリティ実装技術','エ','031105',''),('feh300144','fe','h3001','44','情報セキュリティ対策','ウ','031104',''),('feh300145','fe','h3001','45','情報セキュリティ','イ','031101',''),('feh300146','fe','h3001','46','ソフトウェア方式設計・詳細設計','ウ','041204',''),('feh300147','fe','h3001','47','ソフトウェア方式設計・詳細設計','イ','041204',''),('feh300148','fe','h3001','48','ソフトウェア構築','イ','041205',''),('feh300149','fe','h3001','49','ソフトウェア構築','エ','041205',''),('feh300150','fe','h3001','50','開発プロセス・手法','エ','041301',''),('feh300151','fe','h3001','51','プロジェクトの時間','エ','051406',''),('feh300152','fe','h3001','52','プロジェクトの時間','ウ','051406',''),('feh300153','fe','h3001','53','プロジェクトの時間','イ','051406',''),('feh300154','fe','h3001','54','プロジェクトのコスト','ア','051407',''),('feh300155','fe','h3001','55','サービスマネジメントプロセス','ア','061503',''),('feh300156','fe','h3001','56','サービスの運用','イ','061504',''),('feh300157','fe','h3001','57','サービスの運用','エ','061504',''),('feh300158','fe','h3001','58','システム監査','イ','061601',''),('feh300159','fe','h3001','59','システム監査','ア','061601',''),('feh300160','fe','h3001','60','システム監査','イ','061601',''),('feh300161','fe','h3001','61','OR・IE','イ','092202',''),('feh300162','fe','h3001','62','ソリューションビジネス','エ','071703',''),('feh300163','fe','h3001','63','システム活用促進・評価','ウ','071704',''),('feh300164','fe','h3001','64','業務プロセス','ア','071702',''),('feh300165','fe','h3001','65','調達計画・実施','エ','071803',''),('feh300166','fe','h3001','66','マーケティング','イ','081902',''),('feh300167','fe','h3001','67','経営戦略手法','イ','081901',''),('feh300168','fe','h3001','68','マーケティング','イ','081902',''),('feh300169','fe','h3001','69','マーケティング','ウ','081902',''),('feh300170','fe','h3001','70','経営管理システム','ア','081904',''),('feh300171','fe','h3001','71','産業機器','ア','082105',''),('feh300172','fe','h3001','72','ビジネスシステム','エ','082101',''),('feh300173','fe','h3001','73','エンジニアリングシステム','ウ','082102',''),('feh300174','fe','h3001','74','e-ビジネス','イ','082103',''),('feh300175','fe','h3001','75','OR・IE','ウ','092202',''),('feh300176','fe','h3001','76','OR・IE','ア','092202',''),('feh300177','fe','h3001','77','会計・財務','イ','092203',''),('feh300178','fe','h3001','78','会計・財務','エ','092203',''),('feh300179','fe','h3001','79','知的財産権','エ','092301',''),('feh300180','fe','h3001','80','労働関連・取引関連法規','ウ','092303',''),('feh300201','fe','h3002','01','離散数学','エ','010101',''),('feh300202','fe','h3002','02','離散数学','ウ','010101',''),('feh300203','fe','h3002','03','情報に関する理論','ア','010103',''),('feh300204','fe','h3002','04','情報に関する理論','エ','010103',''),('feh300205','fe','h3002','05','データ構造','ウ','010201',''),('feh300206','fe','h3002','06','アルゴリズム','ウ','010202',''),('feh300207','fe','h3002','07','プログラミング','エ','010203',''),('feh300208','fe','h3002','08','プログラム言語','エ','010204',''),('feh300209','fe','h3002','09','プロセッサ','エ','020301',''),('feh300210','fe','h3002','10','プロセッサ','ウ','020301',''),('feh300211','fe','h3002','11','メモリ','ウ','020302',''),('feh300212','fe','h3002','12','入出力デバイス','エ','020304',''),('feh300213','fe','h3002','13','システムの構成','エ','020401',''),('feh300214','fe','h3002','14','システムの評価指標','イ','020402',''),('feh300215','fe','h3002','15','システムの評価指標','ウ','020402',''),('feh300216','fe','h3002','16','オペレーティングシステム','イ','020501',''),('feh300217','fe','h3002','17','オペレーティングシステム','ウ','020501',''),('feh300218','fe','h3002','18','オペレーティングシステム','ア','020501',''),('feh300219','fe','h3002','19','開発ツール','エ','020504',''),('feh300220','fe','h3002','20','開発ツール','ウ','020504',''),('feh300221','fe','h3002','21','メモリ','エ','020302',''),('feh300222','fe','h3002','22','ハードウェア','イ','020601',''),('feh300223','fe','h3002','23','ハードウェア','エ','020601',''),('feh300224','fe','h3002','24','ヒューマンインタフェース技術','イ','030701',''),('feh300225','fe','h3002','25','マルチメディア技術','ア','030801',''),('feh300226','fe','h3002','26','データベース設計','エ','030902',''),('feh300227','fe','h3002','27','データベース設計','イ','030902',''),('feh300228','fe','h3002','28','データ操作','ウ','030903',''),('feh300229','fe','h3002','29','トランザクション処理','ア','030904',''),('feh300230','fe','h3002','30','トランザクション処理','エ','030904',''),('feh300231','fe','h3002','31','ネットワーク方式','エ','031001',''),('feh300232','fe','h3002','32','データ通信と制御','ウ','031002',''),('feh300233','fe','h3002','33','通信プロトコル','エ','031003',''),('feh300234','fe','h3002','34','ネットワーク応用','ウ','031005',''),('feh300235','fe','h3002','35','ネットワーク方式','ア','031001',''),('feh300236','fe','h3002','36','情報セキュリティ','ア','031101',''),('feh300237','fe','h3002','37','情報セキュリティ','エ','031101',''),('feh300238','fe','h3002','38','情報セキュリティ','ウ','031101',''),('feh300239','fe','h3002','39','情報セキュリティ管理','イ','031102',''),('feh300240','fe','h3002','40','情報セキュリティ管理','ア','031102',''),('feh300241','fe','h3002','41','情報セキュリティ','エ','031101',''),('feh300242','fe','h3002','42','情報セキュリティ対策','ウ','031104',''),('feh300243','fe','h3002','43','情報セキュリティ対策','ウ','031104',''),('feh300244','fe','h3002','44','情報セキュリティ対策','エ','031104',''),('feh300245','fe','h3002','45','情報セキュリティ対策','ウ','031104',''),('feh300246','fe','h3002','46','ソフトウェア要件定義','エ','041203',''),('feh300247','fe','h3002','47','ソフトウェア方式設計・詳細設計','イ','041204',''),('feh300248','fe','h3002','48','ソフトウェア方式設計・詳細設計','ウ','041204',''),('feh300249','fe','h3002','49','ソフトウェア方式設計・詳細設計','イ','041204',''),('feh300250','fe','h3002','50','開発プロセス・手法','イ','041301',''),('feh300251','fe','h3002','51','プロジェクトのスコープ','エ','051404',''),('feh300252','fe','h3002','52','プロジェクトの時間','エ','051406',''),('feh300253','fe','h3002','53','プロジェクトの時間','イ','051406',''),('feh300254','fe','h3002','54','プロジェクトのコスト','エ','051407',''),('feh300255','fe','h3002','55','サービスマネジメントプロセス','ア','061503',''),('feh300256','fe','h3002','56','サービスの運用','イ','061504',''),('feh300257','fe','h3002','57','サービスマネジメント','イ','061501',''),('feh300258','fe','h3002','58','システム監査','エ','061601',''),('feh300259','fe','h3002','59','システム監査','エ','061601',''),('feh300260','fe','h3002','60','内部統制','エ','061602',''),('feh300261','fe','h3002','61','情報システム戦略','エ','071701',''),('feh300262','fe','h3002','62','業務プロセス','ウ','071702',''),('feh300263','fe','h3002','63','ソリューションビジネス','イ','071703',''),('feh300264','fe','h3002','64','システム化計画','イ','071801',''),('feh300265','fe','h3002','65','データ通信と制御','ア','031002',''),('feh300266','fe','h3002','66','調達計画・実施','イ','071803',''),('feh300267','fe','h3002','67','マーケティング','ア','081902',''),('feh300268','fe','h3002','68','OR・IE','エ','092202',''),('feh300269','fe','h3002','69','マーケティング','エ','081902',''),('feh300270','fe','h3002','70','技術開発戦略の立案','ア','082001',''),('feh300271','fe','h3002','71','産業機器','イ','082105',''),('feh300272','fe','h3002','72','民生機器','エ','082104',''),('feh300273','fe','h3002','73','e-ビジネス','エ','082103',''),('feh300274','fe','h3002','74','経営・組織論','エ','092201',''),('feh300275','fe','h3002','75','OR・IE','ウ','092202',''),('feh300276','fe','h3002','76','OR・IE','ウ','092202',''),('feh300277','fe','h3002','77','会計・財務','イ','092203',''),('feh300278','fe','h3002','78','セキュリティ関連法規','ア','092302',''),('feh300279','fe','h3002','79','セキュリティ関連法規','エ','092302',''),('feh300280','fe','h3002','80','労働関連・取引関連法規','ア','092303',''),('feh310101','fe','h3101','01','離散数学','ウ','010101',''),('feh310102','fe','h3101','02','離散数学','ウ','010101',''),('feh310103','fe','h3101','03','離散数学','エ','010101',''),('feh310104','fe','h3101','04','情報に関する理論','ウ','010103',''),('feh310105','fe','h3101','05','データ構造','イ','010201',''),('feh310106','fe','h3101','06','アルゴリズム','ア','010202',''),('feh310107','fe','h3101','07','アルゴリズム','エ','010202',''),('feh310108','fe','h3101','08','プログラミング','ア','010203',''),('feh310109','fe','h3101','09','プロセッサ','ウ','020301',''),('feh310110','fe','h3101','10','メモリ','イ','020302',''),('feh310111','fe','h3101','11','入出力装置','エ','020305',''),('feh310112','fe','h3101','12','入出力装置','ウ','020305',''),('feh310113','fe','h3101','13','システムの構成','エ','020401',''),('feh310114','fe','h3101','14','システムの評価指標','エ','020402',''),('feh310115','fe','h3101','15','システムの評価指標','エ','020402',''),('feh310116','fe','h3101','16','オペレーティングシステム','イ','020501',''),('feh310117','fe','h3101','17','入出力デバイス','ア','020304',''),('feh310118','fe','h3101','18','ファイルシステム','エ','020503',''),('feh310119','fe','h3101','19','開発ツール','ア','020504',''),('feh310120','fe','h3101','20','オープンソースソフトウェア','エ','020505',''),('feh310121','fe','h3101','21','ハードウェア','エ','020601',''),('feh310122','fe','h3101','22','ハードウェア','イ','020601',''),('feh310123','fe','h3101','23','ハードウェア','ア','020601',''),('feh310124','fe','h3101','24','ヒューマンインタフェース技術','ウ','030701',''),('feh310125','fe','h3101','25','マルチメディア技術','ウ','030801',''),('feh310126','fe','h3101','26','データベース方式','イ','030901',''),('feh310127','fe','h3101','27','データ操作','イ','030903',''),('feh310128','fe','h3101','28','データ操作','イ','030903',''),('feh310129','fe','h3101','29','データ操作','ウ','030903',''),('feh310130','fe','h3101','30','データベース応用','エ','030905',''),('feh310131','fe','h3101','31','データ通信と制御','ア','031002',''),('feh310132','fe','h3101','32','通信プロトコル','エ','031003',''),('feh310133','fe','h3101','33','通信プロトコル','エ','031003',''),('feh310134','fe','h3101','34','通信プロトコル','ア','031003',''),('feh310135','fe','h3101','35','ネットワーク管理','ウ','031004',''),('feh310136','fe','h3101','36','情報セキュリティ','ア','031101',''),('feh310137','fe','h3101','37','情報セキュリティ','ウ','031101',''),('feh310138','fe','h3101','38','情報セキュリティ','ア','031101',''),('feh310139','fe','h3101','39','情報セキュリティ','ア','031101',''),('feh310140','fe','h3101','40','情報セキュリティ管理','ア','031102',''),('feh310141','fe','h3101','41','情報セキュリティ管理','イ','031102',''),('feh310142','fe','h3101','42','情報セキュリティ','ア','031101',''),('feh310143','fe','h3101','43','セキュリティ実装技術','ア','031105',''),('feh310144','fe','h3101','44','セキュリティ実装技術','ウ','031105',''),('feh310145','fe','h3101','45','セキュリティ技術評価','イ','031103',''),('feh310146','fe','h3101','46','ソフトウェア要件定義','ア','041203',''),('feh310147','fe','h3101','47','ソフトウェア構築','イ','041205',''),('feh310148','fe','h3101','48','ソフトウェア構築','ウ','041205',''),('feh310149','fe','h3101','49','保守・廃棄','ア','041210',''),('feh310150','fe','h3101','50','プログラミング','ア','010203',''),('feh310151','fe','h3101','51','プロジェクトのスコープ','イ','051404',''),('feh310152','fe','h3101','52','プロジェクトの時間','エ','051406',''),('feh310153','fe','h3101','53','プロジェクトの時間','エ','051406',''),('feh310154','fe','h3101','54','プロジェクトの資源','イ','051405',''),('feh310155','fe','h3101','55','サービスマネジメント','イ','061501',''),('feh310156','fe','h3101','56','サービスの設計・移行','ア','061502',''),('feh310157','fe','h3101','57','サービスの運用','エ','061504',''),('feh310158','fe','h3101','58','システム監査','ア','061601',''),('feh310159','fe','h3101','59','システム監査','エ','061601',''),('feh310160','fe','h3101','60','システム監査','エ','061601',''),('feh310161','fe','h3101','61','情報システム戦略','イ','071701',''),('feh310162','fe','h3101','62','ソリューションビジネス','エ','071703',''),('feh310163','fe','h3101','63','システム活用促進・評価','イ','071704',''),('feh310164','fe','h3101','64','システム活用促進・評価','イ','071704',''),('feh310165','fe','h3101','65','情報システム戦略','ア','071701',''),('feh310166','fe','h3101','66','要件定義','エ','071802',''),('feh310167','fe','h3101','67','経営戦略手法','イ','081901',''),('feh310168','fe','h3101','68','経営戦略手法','イ','081901',''),('feh310169','fe','h3101','69','ビジネス戦略と目標・評価','イ','081903',''),('feh310170','fe','h3101','70','技術開発戦略の立案','イ','082001',''),('feh310171','fe','h3101','71','民生機器','エ','082104',''),('feh310172','fe','h3101','72','e-ビジネス','エ','082103',''),('feh310173','fe','h3101','73','業務プロセス','エ','071702',''),('feh310174','fe','h3101','74','民生機器','ウ','082104',''),('feh310175','fe','h3101','75','経営・組織論','イ','092201',''),('feh310176','fe','h3101','76','経営・組織論','エ','092201',''),('feh310177','fe','h3101','77','OR・IE','ア','092202',''),('feh310178','fe','h3101','78','OR・IE','エ','092202',''),('feh310179','fe','h3101','79','知的財産権','エ','092301',''),('feh310180','fe','h3101','80','標準化関連','ウ','092305',''),('fer010201','fe','r0102','01','アルゴリズム','エ','010202',''),('fer010202','fe','r0102','02','離散数学','ウ','010101',''),('fer010203','fe','r0102','03','応用数学','ウ','010102',''),('fer010204','fe','r0102','04','応用数学','ア','010102',''),('fer010205','fe','r0102','05','応用数学','ア','010102',''),('fer010206','fe','r0102','06','応用数学','ウ','010102',''),('fer010207','fe','r0102','07','情報に関する理論','エ','010103',''),('fer010208','fe','r0102','08','データ構造','ウ','010201',''),('fer010209','fe','r0102','09','アルゴリズム','エ','010202',''),('fer010210','fe','r0102','10','データ構造','イ','010201',''),('fer010211','fe','r0102','11','アルゴリズム','ウ','010202',''),('fer010212','fe','r0102','12','プロセッサ','エ','020301',''),('fer010213','fe','r0102','13','プロセッサ','ア','020301',''),('fer010214','fe','r0102','14','入出力デバイス','イ','020304',''),('fer010215','fe','r0102','15','システムの構成','ア','020401',''),('fer010216','fe','r0102','16','システムの評価指標','ウ','020402',''),('fer010217','fe','r0102','17','オペレーティングシステム','エ','020501',''),('fer010218','fe','r0102','18','オペレーティングシステム','ウ','020501',''),('fer010219','fe','r0102','19','ファイルシステム','ウ','020503',''),('fer010220','fe','r0102','20','メモリ','エ','020302',''),('fer010221','fe','r0102','21','ハードウェア','イ','020601',''),('fer010222','fe','r0102','22','ハードウェア','イ','020601',''),('fer010223','fe','r0102','23','インタフェース設計','ウ','030702',''),('fer010224','fe','r0102','24','マルチメディア技術','エ','030801',''),('fer010225','fe','r0102','25','データベース設計','イ','030902',''),('fer010226','fe','r0102','26','データ操作','ウ','030903',''),('fer010227','fe','r0102','27','データ操作','イ','030903',''),('fer010228','fe','r0102','28','トランザクション処理','イ','030904',''),('fer010229','fe','r0102','29','トランザクション処理','ウ','030904',''),('fer010230','fe','r0102','30','ネットワーク方式','エ','031001',''),('fer010231','fe','r0102','31','データ通信と制御','イ','031002',''),('fer010232','fe','r0102','32','データ通信と制御','イ','031002',''),('fer010233','fe','r0102','33','ネットワーク方式','イ','031001',''),('fer010234','fe','r0102','34','通信プロトコル','イ','031003',''),('fer010235','fe','r0102','35','情報セキュリティ','イ','031101',''),('fer010236','fe','r0102','36','情報セキュリティ対策','イ','031104',''),('fer010237','fe','r0102','37','セキュリティ実装技術','エ','031105',''),('fer010238','fe','r0102','38','情報セキュリティ','ウ','031101',''),('fer010239','fe','r0102','39','情報セキュリティ','ア','031101',''),('fer010240','fe','r0102','40','情報セキュリティ','ウ','031101',''),('fer010241','fe','r0102','41','情報セキュリティ','イ','031101',''),('fer010242','fe','r0102','42','情報セキュリティ対策','ウ','031104',''),('fer010243','fe','r0102','43','情報セキュリティ対策','イ','031104',''),('fer010244','fe','r0102','44','セキュリティ実装技術','エ','031105',''),('fer010245','fe','r0102','45','ソフトウェア要件定義','エ','041203',''),('fer010246','fe','r0102','46','ソフトウェア方式設計・詳細設計','イ','041204',''),('fer010247','fe','r0102','47','ソフトウェア構築','ア','041205',''),('fer010248','fe','r0102','48','ソフトウェア結合・適格性テスト','エ','041206',''),('fer010249','fe','r0102','49','ソフトウェア構築','イ','041205',''),('fer010250','fe','r0102','50','開発プロセス・手法','ウ','041301',''),('fer010251','fe','r0102','51','プロジェクトの時間','イ','051406',''),('fer010252','fe','r0102','52','プロジェクトの時間','ウ','051406',''),('fer010253','fe','r0102','53','プロジェクトのコスト','ウ','051407',''),('fer010254','fe','r0102','54','プロジェクトのコミュニケーション','イ','051411',''),('fer010255','fe','r0102','55','サービスマネジメント','イ','061501',''),('fer010256','fe','r0102','56','サービスの設計・移行','ア','061502',''),('fer010257','fe','r0102','57','サービスマネジメントプロセス','エ','061503',''),('fer010258','fe','r0102','58','システム監査','ア','061601',''),('fer010259','fe','r0102','59','システム監査','エ','061601',''),('fer010260','fe','r0102','60','システム監査','イ','061601',''),('fer010261','fe','r0102','61','情報システム戦略','イ','071701',''),('fer010262','fe','r0102','62','業務プロセス','ア','071702',''),('fer010263','fe','r0102','63','システム活用促進・評価','イ','071704',''),('fer010264','fe','r0102','64','要件定義','ウ','071802',''),('fer010265','fe','r0102','65','要件定義','イ','071802',''),('fer010266','fe','r0102','66','マーケティング','ア','081902',''),('fer010267','fe','r0102','67','ビジネス戦略と目標・評価','エ','081903',''),('fer010268','fe','r0102','68','技術開発戦略の立案','ア','082001',''),('fer010269','fe','r0102','69','システム活用促進・評価','エ','071704',''),('fer010270','fe','r0102','70','エンジニアリングシステム','ウ','082102',''),('fer010271','fe','r0102','71','e-ビジネス','ア','082103',''),('fer010272','fe','r0102','72','技術開発戦略の立案','ア','082001',''),('fer010273','fe','r0102','73','エンジニアリングシステム','ウ','082102',''),('fer010274','fe','r0102','74','経営・組織論','エ','092201',''),('fer010275','fe','r0102','75','経営・組織論','ウ','092201',''),('fer010276','fe','r0102','76','OR・IE','ウ','092202',''),('fer010277','fe','r0102','77','会計・財務','ウ','092203',''),('fer010278','fe','r0102','78','会計・財務','イ','092203',''),('fer010279','fe','r0102','79','労働関連・取引関連法規','ウ','092303',''),('fer010280','fe','r0102','80','その他の法律・ガイドライン','ア','092304','');
/*!40000 ALTER TABLE `exam_question` ENABLE KEYS */;
UNLOCK TABLES;

--
-- Table structure for table `exam_questionjs`
--

DROP TABLE IF EXISTS `exam_questionjs`;
/*!40101 SET @saved_cs_client     = @@character_set_client */;
/*!40101 SET character_set_client = utf8 */;
CREATE TABLE `exam_questionjs` (
  `q_id` varchar(10) NOT NULL,
  `q_period` varchar(6) NOT NULL,
  `q_subject` varchar(2) NOT NULL,
  `q_num` varchar(2) NOT NULL,
  `q_title` varchar(20) NOT NULL,
  `q_content` varchar(80) NOT NULL,
  PRIMARY KEY (`q_id`),
  UNIQUE KEY `exam_questionjs_q_id_1c2e0249_uniq` (`q_id`)
) ENGINE=InnoDB DEFAULT CHARSET=utf8;
/*!40101 SET character_set_client = @saved_cs_client */;

--
-- Dumping data for table `exam_questionjs`
--

LOCK TABLES `exam_questionjs` WRITE;
/*!40000 ALTER TABLE `exam_questionjs` DISABLE KEYS */;
INSERT INTO `exam_questionjs` VALUES ('1102130101','110213','01','01','プロジェクトマネジメント','ITサービスマネジメント'),('1102130102','110213','01','02','情報表現','基数変換、浮動小数点'),('1102130103','110213','01','03','データ構造、集合と倫理','論理演算'),('1102130104','110213','01','04','CPU、補助記憶','命令実行、パイプライン'),('1102130105','110213','01','05','システム構成、ソフトウェア','タスクの状態遷移、マルチタスク'),('1102130301','110213','03','01','経営戦略とシステム戦略','SWOT、競争地位分析、KPI、KGI'),('1102130302','110213','03','02','システム開発','DFD、STS分割、モジュールの独立性'),('1102130303','110213','03','03','ネットワーク技術','OSI、TCP/IP'),('1102130304','110213','03','04','データベース技術','トランザクション、テーブル定義、INSERT'),('1102130305','110213','03','05','セキュリティと標準化','セキュリティの３要素、セキュリティ対策、ウイルス感染'),('1109050101','110905','01','01','プロジェクトマネジメント','ファンクションポイント法、EVM'),('1109050102','110905','01','02','情報表現','基数変換、固定小数点数、シフト演算'),('1109050103','110905','01','03','データ構造、集合と倫理','論理演算、ビット列の論理演算'),('1109050104','110905','01','04','CPU、補助記憶','キャッシュメモリ'),('1109050105','110905','01','05','システム構成、ソフトウェア','RASIS、稼働率'),('1109050301','110905','03','01','経営戦略とシステム戦略','PPM'),('1109050302','110905','03','02','システム開発','プログラムテスト、ボトムアップ、トップダウン、マッチング処理'),('1109050303','110905','03','03','ネットワーク技術','通信システムの信頼性、バスタブ曲線'),('1109050304','110905','03','04','データベース技術','正規化、SELECT文'),('1109050305','110905','03','05','セキュリティと標準化','SSL、IDパスワード管理、'),('1202130101','120213','01','01','プロジェクトマネジメント','PERT図'),('1202130102','120213','01','02','情報表現','補数表現、浮動小数点'),('1202130103','120213','01','03','データ構造、集合と倫理','論理演算、加算器'),('1202130104','120213','01','04','CPU、補助記憶','キャッシュメモリ、パイプライン'),('1202130105','120213','01','05','システム構成、ソフトウェア','仮想記憶'),('1202130301','120213','03','01','経営戦略とシステム戦略','投資効果、PPM、損益分岐点'),('1202130302','120213','03','02','システム開発','信頼性、保守性、可用性'),('1202130303','120213','03','03','ネットワーク技術','変調方式、誤り制御'),('1202130304','120213','03','04','データベース技術','SELECT文'),('1202130305','120213','03','05','セキュリティと標準化','暗号化方式、ディジタル署名、ユーザ認証'),('1209090101','120909','01','01','プロジェクトマネジメント','PMで使う図、ITIL'),('1209090102','120909','01','02','情報表現','浮動小数点数'),('1209090103','120909','01','03','データ構造、集合と倫理','データ構造、リスト構造'),('1209090104','120909','01','04','CPU、補助記憶','CPUアーキテクチャ、命令語'),('1209090105','120909','01','05','システム構成、ソフトウェア','OSの種類、タスクの状態遷移'),('1209090301','120909','03','01','経営戦略とシステム戦略','ゲーム理論、投資'),('1209090302','120909','03','02','システム開発','モジュール分割、モジュール強度、モジュール結合度'),('1209090303','120909','03','03','ネットワーク技術','待ち行列理論'),('1209090304','120909','03','04','データベース技術','CREATE文、SELECT文、UPDATE文'),('1209090305','120909','03','05','セキュリティと標準化','サブネットマスク、ゲートウェイ、ホスト数、DMZ、パケットフィルタリング'),('1302120101','130212','01','01','プロジェクトマネジメント','開発規模の見積もり、ファンクションポイント、ソフトウェアテスト'),('1302120102','130212','01','02','情報表現','ハフマン符号化、'),('1302120103','130212','01','03','データ構造、集合と倫理','論理演算、ビット演算、シフト演算'),('1302120104','130212','01','04','CPU、補助記憶','RAM、ROM、キャッシュメモリ'),('1302120105','130212','01','05','システム構成、ソフトウェア','仮想記憶'),('1302120301','130212','03','01','経営戦略とシステム戦略','経営戦略分析手法、BSC'),('1302120302','130212','03','02','システム開発','RASIS、信頼性向上'),('1302120303','130212','03','03','ネットワーク技術','IP電話、VoIP、PCM'),('1302120304','130212','03','04','データベース技術','CREATE文、VIEW'),('1302120305','130212','03','05','セキュリティと標準化','暗号化方式、SSL'),('1309100101','130910','01','01','プロジェクトマネジメント','ウォータフォールモデル、ソフトウェアテスト'),('1309100102','130910','01','02','情報表現','２進化１０進数（BCD）'),('1309100103','130910','01','03','データ構造、集合と倫理','リスト構造'),('1309100104','130910','01','04','CPU、補助記憶','アドレス指定方式'),('1309100105','130910','01','05','システム構成、ソフトウェア','プロセススケジューリング'),('1309100301','130910','03','01','経営戦略とシステム戦略','労働者派遣法、雇用形態、取引関連法規'),('1309100302','130910','03','02','システム開発','性能評価、MIPS、伝送速度、磁気ディスクのアクセス時間'),('1309100303','130910','03','03','ネットワーク技術','DNS、ファイアウォール、DMZ、LANのIPアドレス、LAN間接続装置、サブネット'),('1309100304','130910','03','04','データベース技術','CREATE文、SELECT文、UPDATE文'),('1309100305','130910','03','05','セキュリティと標準化','アクセス制御'),('1402090101','140209','01','01','プロジェクトマネジメント','ビジネスモデル、ソリューションビジネス'),('1402090102','140209','01','02','情報表現','圧縮ファイル、ランレングス'),('1402090103','140209','01','03','データ構造、集合と倫理','論理演算、加算器、ビット演算'),('1402090104','140209','01','04','CPU、補助記憶','命令実行手順、パイプライン'),('1402090105','140209','01','05','システム構成、ソフトウェア','信頼性、稼働率'),('1402090301','140209','03','01','経営戦略とシステム戦略','経営管理に関する語句、PDCA'),('1402090302','140209','03','02','システム開発','オブジェクト指向'),('1402090303','140209','03','03','ネットワーク技術','同期方式'),('1402090304','140209','03','04','データベース技術','SELECT文、UPDATE文、INSERT文、DELETE文'),('1402090305','140209','03','05','セキュリティと標準化','ISMS、セキュリティの脅威'),('1409140101','140914','01','01','プロジェクトマネジメント','FP法、FP以外の規模見積もり'),('1409140102','140914','01','02','情報表現','固定小数点数、浮動小数点数'),('1409140103','140914','01','03','データ構造、集合と倫理','２分木、ヒープ'),('1409140104','140914','01','04','CPU、補助記憶','補助記憶装置、HDのアクセス時間'),('1409140105','140914','01','05','システム構成、ソフトウェア','OSのタスク管理、タスクの状態遷移'),('1502080101','150208','01','01','プロジェクトマネジメント','PERT図'),('1502080102','150208','01','02','情報表現','文字コード、JISコード'),('1502080103','150208','01','03','データ構造、集合と倫理','２値画像、カラー画像の圧縮形式'),('1502080104','150208','01','04','CPU、補助記憶','メモリの高速化'),('1502080105','150208','01','05','システム構成、ソフトウェア','仮想記憶'),('1502080301','150208','03','01','経営戦略とシステム戦略','経済的発注量、発注方法'),('1502080302','150208','03','02','システム開発','開発モデル'),('1502080303','150208','03','03','ネットワーク技術','インターネットプロトコル、ルーティング'),('1502080304','150208','03','04','データベース技術','正規化、SELECT'),('1502080305','150208','03','05','セキュリティと標準化','Webサイトのセキュリティ、Webサイトの認証'),('1509130101','150913','01','01','プロジェクトマネジメント','テストの種類、テストケースの設計、網羅率'),('1509130102','150913','01','02','情報表現','PCM、データ圧縮'),('1509130103','150913','01','03','データ構造、集合と倫理','論理演算、集合の問題'),('1509130104','150913','01','04','CPU、補助記憶','命令実行手順、命令語'),('1509130105','150913','01','05','システム構成、ソフトウェア','信頼性、稼働率、複数装置の稼働率'),('1509130301','150913','03','01','経営戦略とシステム戦略','ゲーム理論'),('1509130302','150913','03','02','システム開発','オブジェクト指向'),('1509130303','150913','03','03','ネットワーク技術','VPN、VoIP'),('1509130304','150913','03','04','データベース技術','SELECT、INSERT'),('1509130305','150913','03','05','セキュリティと標準化','パケットフィルタリング、DMZ'),('1602140101','160214','01','01','プロジェクトマネジメント','PERT図、EVM'),('1602140102','160214','01','02','情報表現','文字データ、日本語文字コード'),('1602140103','160214','01','03','データ構造、集合と倫理','論理演算、加算器'),('1602140104','160214','01','04','CPU、補助記憶','メモリアクセスの高速化、CPUの高速化'),('1602140105','160214','01','05','システム構成、ソフトウェア','OSの目的、OSの機能、OSの種類'),('1602140301','160214','03','01','経営戦略とシステム戦略','PPM、SWOT'),('1602140302','160214','03','02','システム開発','ウォータフォール、結合テスト'),('1602140303','160214','03','03','ネットワーク技術','IPv4、IPアドレスの割当'),('1602140304','160214','03','04','データベース技術','UPDATE、VIEW'),('1602140305','160214','03','05','セキュリティと標準化','ディジタル署名、ディジタル証明書、SSL/TLS、cookie'),('1609110101','160911','01','01','プロジェクトマネジメント','PERT図'),('1609110102','160911','01','02','情報表現','２進数からの変換、１０進数からの変換、負数'),('1609110103','160911','01','03','データ構造、集合と倫理','リスト構造、ヒープ'),('1609110104','160911','01','04','CPU、補助記憶','クロック周波数、平均命令実行時間'),('1609110105','160911','01','05','システム構成、ソフトウェア','高信頼構成、パイプライン'),('1609110301','160911','03','01','経営戦略とシステム戦略','コーポレートガバナンス、企業が取り組む活動、国際規格'),('1609110302','160911','03','02','システム開発','モジュール分割、モジュールの独立性、モジュールの結合度'),('1609110303','160911','03','03','ネットワーク技術','IPアドレス、DMZ、サーバ'),('1609110304','160911','03','04','データベース技術','E-R図、SELECT文'),('1609110305','160911','03','05','セキュリティと標準化','コンピュータウイルス、不正アクセス'),('1702120101','170212','01','01','プロジェクトマネジメント','記号組織、ステークホルダ、工数'),('1702120102','170212','01','02','情報表現','逆ポーランド記法'),('1702120103','170212','01','03','データ構造、集合と倫理','データ構造、データ操作、'),('1702120104','170212','01','04','CPU、補助記憶','CPUの高速化技法'),('1702120105','170212','01','05','システム構成、ソフトウェア','仮想記憶'),('1702120301','170212','03','01','経営戦略とシステム戦略','PPM、SWOT'),('1702120302','170212','03','02','システム開発','オブジェクト指向'),('1702120303','170212','03','03','ネットワーク技術','IPv4、プライベートIPアドレス、サブネット'),('1702120304','170212','03','04','データベース技術','正規化、SELECT'),('1702120305','170212','03','05','セキュリティと標準化','暗号化方式、MD'),('1709100101','170910','01','01','プロジェクトマネジメント','開発規模の見積もり、工数計算'),('1709100102','170910','01','02','情報表現','文字コード、圧縮'),('1709100103','170910','01','03','データ構造、集合と倫理','論理演算'),('1709100104','170910','01','04','CPU、補助記憶','命令実行手順、アドレス指定方式'),('1709100105','170910','01','05','システム構成、ソフトウェア','信頼性、システム構成'),('1709100301','170910','03','01','経営戦略とシステム戦略','知的財産権、個人情報保護法'),('1709100302','170910','03','02','システム開発','ウォータフォール、アジャイルソフトウェア開発'),('1709100303','170910','03','03','ネットワーク技術','回線交換方式、伝送時間、ストリーミング'),('1709100304','170910','03','04','データベース技術','正規化、VIEW、SELECT'),('1709100305','170910','03','05','セキュリティと標準化','攻撃手法'),('1802110101','180211','01','01','プロジェクトマネジメント','PERT図'),('1802110102','180211','01','02','情報表現','浮動小数点数、誤差'),('1802110103','180211','01','03','データ構造、集合と倫理','２分探索木'),('1802110104','180211','01','04','CPU、補助記憶','パイプライン、メモリの高速化'),('1802110105','180211','01','05','システム構成、ソフトウェア','信頼性を高める構成、データベースの保全性'),('1802110301','180211','03','01','経営戦略とシステム戦略','コーポレートガバナンス'),('1802110302','180211','03','02','システム開発','単体テスト、結合テスト、網羅率'),('1802110303','180211','03','03','ネットワーク技術','ネットワーク構成、IPアドレス'),('1802110304','180211','03','04','データベース技術','E-R図、SELECT、INSERT'),('1802110305','180211','03','05','セキュリティと標準化','ディジタル署名、認証局、SSL/TLS'),('1809090101','180909','01','01','プロジェクトマネジメント','ITIL V2、サービスサポート'),('1809090102','180909','01','02','情報表現','PCM、サンプリング周波数、伝送速度、データ圧縮'),('1809090103','180909','01','03','データ構造、集合と倫理','論理演算、加算器、'),('1809090104','180909','01','04','CPU、補助記憶','半導体メモリ、メモリアクセスの高速化'),('1809090105','180909','01','05','システム構成、ソフトウェア','仮想記憶'),('1809090301','180909','03','01','経営戦略とシステム戦略','ISO9000、ISO14000,ISO27000'),('1809090302','180909','03','02','システム開発','アジャイル開発、ウォータフォール、FP法'),('1809090303','180909','03','03','ネットワーク技術','IPアドレス、プライベートIPアドレス、サブネット化'),('1809090304','180909','03','04','データベース技術','正規化、VIEW'),('1809090305','180909','03','05','セキュリティと標準化','マルウェア、セキュリティ対策'),('1902100101','190210','01','01','プロジェクトマネジメント','ガントチャート、要員計画、進捗管理'),('1902100102','190210','01','02','情報表現','基数変換、補数'),('1902100103','190210','01','03','データ構造、集合と倫理','スタック、キュー、リスト'),('1902100104','190210','01','04','CPU、補助記憶','MIPS、パイプライン'),('1902100105','190210','01','05','システム構成、ソフトウェア','RASIS、稼働率、故障率'),('1902100301','190210','03','01','経営戦略とシステム戦略','PPM、SWOT、BSC'),('1902100302','190210','03','02','システム開発','オブジェクト指向'),('1902100303','190210','03','03','ネットワーク技術','OSI、TCP/IP、ARP、サブネット化'),('1902100304','190210','03','04','データベース技術','正規化、SELECT文'),('1902100305','190210','03','05','セキュリティと標準化','暗号化技術、ハイブリット暗号、なりすまし防止'),('1909080101','190908','01','01','プロジェクトマネジメント','PERT図、最早結合点、余裕日数、短縮'),('1909080102','190908','01','02','情報表現','圧縮形式、ランレングス'),('1909080103','190908','01','03','データ構造、集合と倫理','２分木、深さ優先探索、2分探索木'),('1909080104','190908','01','04','CPU、補助記憶','RAID'),('1909080105','190908','01','05','システム構成、ソフトウェア','二重化、分散処理、システムの再構築'),('1909080301','190908','03','01','経営戦略とシステム戦略','ITガバナンス、COBIT、CSR活動、収益性評価'),('1909080302','190908','03','02','システム開発','ソフトウェア開発モデル、ソフトウェアの再利用'),('1909080303','190908','03','03','ネットワーク技術','IPアドレス、LAN内のデータ転送'),('1909080304','190908','03','04','データベース技術','トランザクション、CREATE文、INSERT文'),('1909080305','190908','03','05','セキュリティと標準化','脅威、DNS'),('2002090101','200209','01','01','プロジェクトマネジメント','PMBOK、進捗管理'),('2002090102','200209','01','02','情報表現','固定小数点数、算術シフト、浮動小数点'),('2002090103','200209','01','03','データ構造、集合と倫理','EDIのデータ形式、圧縮形式'),('2002090104','200209','01','04','CPU、補助記憶','主記憶装置の高速化、半導体メモリ'),('2002090105','200209','01','05','システム構成、ソフトウェア','仮想記憶'),('2002090301','200209','03','01','経営戦略とシステム戦略','経営戦略、取引関連法規、派遣形態'),('2002090302','200209','03','02','システム開発','結合テスト、テストケース設計'),('2002090303','200209','03','03','ネットワーク技術','DHCP、LAN間通信、サブネット化'),('2002090304','200209','03','04','データベース技術','SELECT文、UPDATE文'),('2002090305','200209','03','05','セキュリティと標準化','脅威');
/*!40000 ALTER TABLE `exam_questionjs` ENABLE KEYS */;
UNLOCK TABLES;

--
-- Table structure for table `exam_questionpm`
--

DROP TABLE IF EXISTS `exam_questionpm`;
/*!40101 SET @saved_cs_client     = @@character_set_client */;
/*!40101 SET character_set_client = utf8 */;
CREATE TABLE `exam_questionpm` (
  `q_id` varchar(9) NOT NULL,
  `q_test` varchar(2) NOT NULL,
  `q_period` varchar(5) NOT NULL,
  `q_num` int(11) NOT NULL,
  `q_classify` varchar(20) NOT NULL,
  `q_title` varchar(40) NOT NULL,
  PRIMARY KEY (`q_id`)
) ENGINE=InnoDB DEFAULT CHARSET=utf8;
/*!40101 SET character_set_client = @saved_cs_client */;

--
-- Dumping data for table `exam_questionpm`
--

LOCK TABLES `exam_questionpm` WRITE;
/*!40000 ALTER TABLE `exam_questionpm` DISABLE KEYS */;
INSERT INTO `exam_questionpm` VALUES ('feh210101','fe','h2101',1,'01セキュリティ','パケットフィルタリング'),('feh210102','fe','h2101',2,'02ハード','画像データの符号化'),('feh210103','fe','h2101',3,'03ソフト','品質特性'),('feh210104','fe','h2101',4,'04DB','設計と操作'),('feh210106','fe','h2101',6,'06SW設計','銀行口座管理'),('feh210107','fe','h2101',7,'07PM','スケジュール管理'),('feh210109','fe','h2101',9,'09戦略','需要予測'),('feh210111','fe','h2101',11,'11アルゴリズム','図形の塗替え'),('feh210113','fe','h2101',13,'13表計算','生産計画の作成'),('feh210201','fe','h2102',1,'01セキュリティ','利用者認証'),('feh210202','fe','h2102',2,'02ハード','半加算器と全加算器'),('feh210204','fe','h2102',4,'04DB','倉庫内の保管棚を用いた書籍管理'),('feh210205','fe','h2102',5,'05NW','データ送信とその符号化'),('feh210206','fe','h2102',6,'06SW設計','航空券発券システム'),('feh210208','fe','h2102',8,'08ITサービス','インシデント及び問題の管理'),('feh210209','fe','h2102',9,'09戦略','情報システムの効果見積もり'),('feh210211','fe','h2102',11,'11アルゴリズム','数値計算と計算誤差'),('feh210213','fe','h2102',13,'13表計算','勤怠管理と出勤割り当て'),('feh220102','fe','h2201',2,'02ハード','キャッシュメモリ'),('feh220103','fe','h2201',3,'03ソフト','コンパイラの処理内容'),('feh220104','fe','h2201',4,'04DB','関係データベース'),('feh220105','fe','h2201',5,'05NW','ストリーミングサーバの設置計画'),('feh220106','fe','h2201',6,'06SW設計','配達サービス管理システム'),('feh220107','fe','h2201',7,'07PM','品質管理'),('feh220109','fe','h2201',9,'09戦略','事業の分析'),('feh220111','fe','h2201',11,'11アルゴリズム','マージソート'),('feh220113','fe','h2201',13,'13表計算','喫茶店の料金計算'),('feh220201','fe','h2202',1,'01セキュリティ','認証システム'),('feh220202','fe','h2202',2,'02ハード','温度モニタ'),('feh220204','fe','h2202',4,'04DB','コースセンターの対応記録管理'),('feh220205','fe','h2202',5,'05NW','CRC'),('feh220206','fe','h2202',6,'06SW設計','部品の棚卸金額計算'),('feh220208','fe','h2202',8,'08ITサービス','個人情報の保護'),('feh220209','fe','h2202',9,'09戦略','子会社の業績評価'),('feh220211','fe','h2202',11,'11アルゴリズム','符号付き２進整数の乗算'),('feh220213','fe','h2202',13,'13表計算','シャンプーの価格弾力性分析'),('feh230102','fe','h2301',2,'02ハード','機械語命令'),('feh230103','fe','h2301',3,'03ソフト','CPUの割当方式'),('feh230104','fe','h2301',4,'04DB','トランザクション管理'),('feh230105','fe','h2301',5,'05NW','ルータの経路制御テーブルの更新'),('feh230106','fe','h2301',6,'06SW設計','宛先作成プログラム'),('feh230107','fe','h2301',7,'07PM','EVM'),('feh230109','fe','h2301',9,'09戦略','ゲーム理論'),('feh230111','fe','h2301',11,'11アルゴリズム','組合せ'),('feh230113','fe','h2301',13,'13表計算','与信管理'),('feh230201','fe','h2302',1,'01セキュリティ','リスク'),('feh230202','fe','h2302',2,'02ハード','AD変換'),('feh230204','fe','h2302',4,'04DB','従業員データベース'),('feh230205','fe','h2302',5,'05NW','ネットワークの構築'),('feh230206','fe','h2302',6,'06SW設計','書籍の卸売業者の受注システム'),('feh230207','fe','h2302',7,'07PM','要員計画'),('feh230209','fe','h2302',9,'09戦略','販売ルート別市場分析'),('feh230211','fe','h2302',11,'11アルゴリズム','代入文の処理'),('feh230213','fe','h2302',13,'13表計算','賞与計算'),('feh240102','fe','h2401',2,'02ハード','浮動小数点'),('feh240103','fe','h2401',3,'03ソフト','コンパイラの最適化'),('feh240104','fe','h2401',4,'04DB','社員食堂'),('feh240105','fe','h2401',5,'05NW','データ転送のフロー制御'),('feh240106','fe','h2401',6,'06SW設計','受験者数の集計リスト作成'),('feh240107','fe','h2401',7,'07PM','進捗管理'),('feh240109','fe','h2401',9,'09戦略','正味現在価値'),('feh240111','fe','h2401',11,'11アルゴリズム','ビットの検査'),('feh240113','fe','h2401',13,'13表計算','図書館管理及び図書推薦'),('feh240201','fe','h2402',1,'01セキュリティ','セキュリティ事故の対応'),('feh240203','fe','h2402',3,'03ソフト','プロセスの排他制御'),('feh240204','fe','h2402',4,'04DB','購買情報管理'),('feh240205','fe','h2402',5,'05NW','MIME'),('feh240206','fe','h2402',6,'06SW設計','通信講座受講管理システム'),('feh240208','fe','h2402',8,'08ITサービス','データ管理'),('feh240209','fe','h2402',9,'09戦略','在庫管理'),('feh240211','fe','h2402',11,'11アルゴリズム','駅間の最短経路'),('feh240213','fe','h2402',13,'13表計算','最適配置問題'),('feh250101','fe','h2501',1,'01セキュリティ','入退室管理'),('feh250102','fe','h2501',2,'02ハード','カラー画像'),('feh250103','fe','h2501',3,'03ソフト','仮想記憶方式'),('feh250104','fe','h2501',4,'04DB','会員情報管理'),('feh250106','fe','h2501',6,'06SW設計','社員の歩合給決定処理'),('feh250107','fe','h2501',7,'07PM','品質管理'),('feh250109','fe','h2501',9,'09戦略','市場分析と需要予測'),('feh250111','fe','h2501',11,'11アルゴリズム','食料品店の値引き処理'),('feh250113','fe','h2501',13,'13表計算','製品の生産計画'),('feh250201','fe','h2502',1,'01セキュリティ','VPN'),('feh250202','fe','h2502',2,'02ハード','論理演算と加算器'),('feh250204','fe','h2502',4,'04DB','選手情報を管理する'),('feh250205','fe','h2502',5,'05NW','IPｖ6のアドレス表記'),('feh250206','fe','h2502',6,'06SW設計','ソフトウェアのテスト設計'),('feh250207','fe','h2502',7,'07PM','プロジェクトの実績管理'),('feh250209','fe','h2502',9,'09戦略','販売管理システムの見直し'),('feh250211','fe','h2502',11,'11アルゴリズム','文字列圧縮'),('feh250213','fe','h2502',13,'13表計算','受講学生のグループ分'),('feh260101','fe','h2601',1,'01セキュリティ','資産のリスクアセスメント'),('feh260102','fe','h2601',2,'02ハード','機械語命令'),('feh260103','fe','h2601',3,'03ソフト','プログラムの並列実行'),('feh260105','fe','h2601',5,'05NW','スループットの改善'),('feh260106','fe','h2601',6,'06SW設計','システム統合に伴うソフトウェア設計'),('feh260107','fe','h2601',7,'07PM','ファンクションポイント法'),('feh260109','fe','h2601',9,'09戦略','システム移行の作業計画'),('feh260111','fe','h2601',11,'11アルゴリズム','空き領域管理'),('feh260113','fe','h2601',13,'13表計算','顧客情報の匿名化'),('feh260201','fe','h2602',1,'01セキュリティ','ネットワークセキュリティ'),('feh260202','fe','h2602',2,'02ハード','JKフリップフロップ'),('feh260203','fe','h2602',3,'03ソフト','プロセススケジューリング'),('feh260204','fe','h2602',4,'04DB','書籍管理'),('feh260206','fe','h2602',6,'06SW設計','共通ライブラリのオブジェクト指向設計'),('feh260208','fe','h2602',8,'08ITサービス','サービスデスク'),('feh260209','fe','h2602',9,'09戦略','受発注システムの改修'),('feh260211','fe','h2602',11,'11アルゴリズム','編集距離の算出'),('feh260213','fe','h2602',13,'13表計算','鉄道運賃の計算'),('feh270101','fe','h2701',1,'01セキュリティ','受注管理システムのセキュリティ'),('feh270103','fe','h2701',3,'03ソフト','言語処理系'),('feh270104','fe','h2701',4,'04DB','自治会員の情報管理'),('feh270105','fe','h2701',5,'05NW','ホスト名の衝突'),('feh270106','fe','h2701',6,'06SW設計','営業支援システム'),('feh270107','fe','h2701',7,'07PM','コミュニケーションの計画'),('feh270109','fe','h2701',9,'09戦略','システム開発の投資評価'),('feh270111','fe','h2701',11,'11アルゴリズム','クイックソート'),('feh270113','fe','h2701',13,'13表計算','学習進捗管理'),('feh270201','fe','h2702',1,'01セキュリティ','ログ管理システム'),('feh270202','fe','h2702',2,'02ハード','浮動小数点数'),('feh270204','fe','h2702',4,'04DB','電子部品の出荷データベース'),('feh270205','fe','h2702',5,'05NW','Webサイトにおけるセッション管理'),('feh270206','fe','h2702',6,'06SW設計','決定表'),('feh270207','fe','h2702',7,'07PM','見積もり'),('feh270209','fe','h2702',9,'09戦略','新システム稼働による業務改善'),('feh270211','fe','h2702',11,'11アルゴリズム','ボイヤームーア法を用いた文字列検索'),('feh270213','fe','h2702',13,'13表計算','PC販売店の購入金額計算'),('feh280101','fe','h2801',1,'01セキュリティ','Webサーバー不正侵入'),('feh280103','fe','h2801',3,'03ソフト','リスト構造ガーベジコレクション'),('feh280104','fe','h2801',4,'04DB','遊園地の入園者情報管理'),('feh280105','fe','h2801',5,'05NW','イーサネットを介した通信'),('feh280106','fe','h2801',6,'06SW設計','スマートフォン店舗検索システム'),('feh280107','fe','h2801',7,'07PM','調達先選定'),('feh280109','fe','h2801',9,'09戦略','販売データの分析'),('feh280111','fe','h2801',11,'11アルゴリズム','簡易メモ帳のメモリ管理'),('feh280113','fe','h2801',13,'13表計算','販売分析'),('feh280201','fe','h2802',1,'01セキュリティ','販売支援システム'),('feh280203','fe','h2802',3,'03ソフト','コンパイラの字句解析と構文解析'),('feh280204','fe','h2802',4,'04DB','従業員の通勤情報を管理'),('feh280205','fe','h2802',5,'05NW','Web画面のデータ転送時間'),('feh280206','fe','h2802',6,'06SW設計','レンタル業務システムの設計'),('feh280207','fe','h2802',7,'07PM','単体テストにおける品質管理'),('feh280209','fe','h2802',9,'09戦略','業務提携と出資の検討'),('feh280211','fe','h2802',11,'11アルゴリズム','数値の編集'),('feh280213','fe','h2802',13,'13表計算','改築作業のスケジューリング'),('feh290101','fe','h2901',1,'01セキュリティ','ファイルの安全な受け渡し'),('feh290102','fe','h2901',2,'02ハード','温度モニタ'),('feh290104','fe','h2901',4,'04DB','住民からの問い合わせに回答する'),('feh290105','fe','h2901',5,'05NW','無線LANのデータ送信'),('feh290106','fe','h2901',6,'06SW設計','購買システムにおける出力処理'),('feh290107','fe','h2901',7,'07PM','要員計画'),('feh290109','fe','h2901',9,'09戦略','在庫補充方法の変更'),('feh290111','fe','h2901',11,'11アルゴリズム','最短経路の探索'),('feh290113','fe','h2901',13,'13表計算','宅配便の料金計算'),('feh290201','fe','h2902',1,'01セキュリティ','SSH'),('feh290203','fe','h2902',3,'03ソフト','プロセスの排他制御'),('feh290204','fe','h2902',4,'04DB','会員販売データ管理'),('feh290205','fe','h2902',5,'05NW','コールセンターのオペレータ数'),('feh290206','fe','h2902',6,'06SW設計','買上げ入金管理システム'),('feh290208','fe','h2902',8,'08ITサービス','提示価格の計算'),('feh290209','fe','h2902',9,'09戦略','システム導入による業務改善効果'),('feh290211','fe','h2902',11,'11アルゴリズム','文字列誤りの検出'),('feh290213','fe','h2902',13,'13表計算','サーバのアクセスログの分析'),('feh300101','fe','h3001',1,'01セキュリティ','パスワードを安全に保存する方法'),('feh300102','fe','h3001',2,'02ハード','論理回路'),('feh300104','fe','h3001',4,'04DB','子供会の名簿を管理する'),('feh300105','fe','h3001',5,'05NW','クラウドサービス上でのシステム構築'),('feh300106','fe','h3001',6,'06SW設計','健康管理システムの設計'),('feh300107','fe','h3001',7,'07PM','EVM'),('feh300109','fe','h3001',9,'09戦略','収益の検討'),('feh300111','fe','h3001',11,'11アルゴリズム','ヒープの性質を利用したデータの整列'),('feh300113','fe','h3001',13,'13表計算','会議室予約システム'),('feh300201','fe','h3002',1,'01セキュリティ','事故と対策'),('feh300203','fe','h3002',3,'03ソフト','プロセススケジューリング'),('feh300204','fe','h3002',4,'04DB','コンサートチケット販売'),('feh300205','fe','h3002',5,'05NW','障害分析と対策'),('feh300206','fe','h3002',6,'06SW設計','購買管理システムで行う処理'),('feh300207','fe','h3002',7,'07PM','スケジュール作成'),('feh300209','fe','h3002',9,'09戦略','業務改善'),('feh300211','fe','h3002',11,'11アルゴリズム','整数式の解析と計算'),('feh300213','fe','h3002',13,'13表計算','待ち時間の状況などの分析'),('feh310101','fe','h3101',1,'01セキュリティ','クラウドの利用者認証'),('feh310103','fe','h3101',3,'03ソフト','仮想記憶方式'),('feh310104','fe','h3101',4,'04DB','定期健康診断'),('feh310105','fe','h3101',5,'05NW','eラーニングシステムの構成変更'),('feh310106','fe','h3101',6,'06SW設計','農産物の検査管理システム'),('feh310107','fe','h3101',7,'07PM','社内システムの仕様変更'),('feh310109','fe','h3101',9,'09戦略','製造業における情報システムの統合'),('feh310111','fe','h3101',11,'11アルゴリズム','ハフマン符号化'),('feh310113','fe','h3101',13,'13表計算','販売促進活動における販売データの利用'),('fer010201','fe','r0102',1,'01セキュリティ','テレワーク'),('fer010203','fe','r0102',3,'03ソフト','スレッド'),('fer010204','fe','r0102',4,'04DB','書籍'),('fer010205','fe','r0102',5,'05NW','NAT'),('fer010206','fe','r0102',6,'06SW設計','ストレスチェック検査支援'),('fer010207','fe','r0102',7,'07PM','テスト品質管理'),('fer010209','fe','r0102',9,'09戦略','製品別の収益分析'),('fer010211','fe','r0102',11,'11アルゴリズム','Bitap法による文字列検索'),('fer010213','fe','r0102',13,'13表計算','メロンの仕分');
/*!40000 ALTER TABLE `exam_questionpm` ENABLE KEYS */;
UNLOCK TABLES;

--
-- Table structure for table `exam_resulttest`
--

DROP TABLE IF EXISTS `exam_resulttest`;
/*!40101 SET @saved_cs_client     = @@character_set_client */;
/*!40101 SET character_set_client = utf8 */;
CREATE TABLE `exam_resulttest` (
  `id` int(11) NOT NULL AUTO_INCREMENT,
  `t_id` varchar(4) NOT NULL,
  `t_num` varchar(4) NOT NULL,
  `r_answer` varchar(1) NOT NULL,
  `r_date` datetime(6) NOT NULL,
  `u_id` varchar(20) NOT NULL,
  PRIMARY KEY (`id`),
  KEY `exam_resulttest_u_id_5b874836_fk_exam_user_u_id` (`u_id`),
  CONSTRAINT `exam_resulttest_u_id_5b874836_fk_exam_user_u_id` FOREIGN KEY (`u_id`) REFERENCES `exam_user` (`u_id`)
) ENGINE=InnoDB AUTO_INCREMENT=541 DEFAULT CHARSET=utf8;
/*!40101 SET character_set_client = @saved_cs_client */;

--
-- Dumping data for table `exam_resulttest`
--

LOCK TABLES `exam_resulttest` WRITE;
/*!40000 ALTER TABLE `exam_resulttest` DISABLE KEYS */;
INSERT INTO `exam_resulttest` VALUES (1,'0019','0001','イ','2020-07-22 03:47:52.480663','00024001'),(2,'0019','0002','ア','2020-07-22 03:47:52.480663','00024001'),(3,'0019','0003','イ','2020-07-22 03:47:52.480663','00024001'),(4,'0019','0004','ウ','2020-07-22 03:47:52.480663','00024001'),(5,'0019','0005','イ','2020-07-22 03:47:52.480663','00024001'),(6,'0019','0006','ア','2020-07-22 03:47:52.480663','00024001'),(7,'0019','0007','イ','2020-07-22 03:47:52.480663','00024001'),(8,'0019','0008','ア','2020-07-22 03:47:52.480663','00024001'),(9,'0019','0009','エ','2020-07-22 03:47:52.480663','00024001'),(10,'0019','0010','エ','2020-07-22 03:47:52.480663','00024001'),(11,'0019','0001','ア','2020-07-22 03:48:39.759615','00024002'),(12,'0019','0002','イ','2020-07-22 03:48:39.759615','00024002'),(13,'0019','0003','イ','2020-07-22 03:48:39.759615','00024002'),(14,'0019','0004','イ','2020-07-22 03:48:39.759615','00024002'),(15,'0019','0005','ウ','2020-07-22 03:48:39.759615','00024002'),(16,'0019','0006','ア','2020-07-22 03:48:39.759615','00024002'),(17,'0019','0007','ア','2020-07-22 03:48:39.759615','00024002'),(18,'0019','0008','ア','2020-07-22 03:48:39.759615','00024002'),(19,'0019','0009','エ','2020-07-22 03:48:39.759615','00024002'),(20,'0019','0010','ア','2020-07-22 03:48:39.759615','00024002'),(21,'0019','0001','ア','2020-07-22 03:48:47.710390','00024003'),(22,'0019','0002','イ','2020-07-22 03:48:47.710390','00024003'),(23,'0019','0003','エ','2020-07-22 03:48:47.710390','00024003'),(24,'0019','0004','エ','2020-07-22 03:48:47.710390','00024003'),(25,'0019','0005','ウ','2020-07-22 03:48:47.710390','00024003'),(26,'0019','0006','エ','2020-07-22 03:48:47.710390','00024003'),(27,'0019','0007','イ','2020-07-22 03:48:47.710390','00024003'),(28,'0019','0008','ア','2020-07-22 03:48:47.710390','00024003'),(29,'0019','0009','ア','2020-07-22 03:48:47.710390','00024003'),(30,'0019','0010','エ','2020-07-22 03:48:47.710390','00024003'),(31,'0019','0001','エ','2020-07-22 03:48:55.359365','00024004'),(32,'0019','0002','イ','2020-07-22 03:48:55.359365','00024004'),(33,'0019','0003','エ','2020-07-22 03:48:55.359365','00024004'),(34,'0019','0004','ア','2020-07-22 03:48:55.359365','00024004'),(35,'0019','0005','ウ','2020-07-22 03:48:55.359365','00024004'),(36,'0019','0006','ウ','2020-07-22 03:48:55.359365','00024004'),(37,'0019','0007','ア','2020-07-22 03:48:55.359365','00024004'),(38,'0019','0008','ア','2020-07-22 03:48:55.359365','00024004'),(39,'0019','0009','エ','2020-07-22 03:48:55.359365','00024004'),(40,'0019','0010','ア','2020-07-22 03:48:55.359365','00024004'),(41,'0019','0001','ア','2020-07-22 03:49:01.829665','00024005'),(42,'0019','0002','エ','2020-07-22 03:49:01.829665','00024005'),(43,'0019','0003','ウ','2020-07-22 03:49:01.829665','00024005'),(44,'0019','0004','エ','2020-07-22 03:49:01.829665','00024005'),(45,'0019','0005','ア','2020-07-22 03:49:01.829665','00024005'),(46,'0019','0006','ア','2020-07-22 03:49:01.829665','00024005'),(47,'0019','0007','ウ','2020-07-22 03:49:01.829665','00024005'),(48,'0019','0008','エ','2020-07-22 03:49:01.829665','00024005'),(49,'0019','0009','エ','2020-07-22 03:49:01.829665','00024005'),(50,'0019','0010','エ','2020-07-22 03:49:01.829665','00024005'),(51,'0019','0001','エ','2020-07-22 03:49:12.615488','00024006'),(52,'0019','0002','ア','2020-07-22 03:49:12.615488','00024006'),(53,'0019','0003','ウ','2020-07-22 03:49:12.615488','00024006'),(54,'0019','0004','イ','2020-07-22 03:49:12.615488','00024006'),(55,'0019','0005','ウ','2020-07-22 03:49:12.615488','00024006'),(56,'0019','0006','ウ','2020-07-22 03:49:12.615488','00024006'),(57,'0019','0007','イ','2020-07-22 03:49:12.615488','00024006'),(58,'0019','0008','ウ','2020-07-22 03:49:12.615488','00024006'),(59,'0019','0009','エ','2020-07-22 03:49:12.615488','00024006'),(60,'0019','0010','ア','2020-07-22 03:49:12.615488','00024006'),(61,'0012','0001','エ','2020-07-22 05:28:17.861017','00024002'),(62,'0012','0002','ウ','2020-07-22 05:28:17.861017','00024002'),(63,'0012','0003','イ','2020-07-22 05:28:17.861017','00024002'),(64,'0012','0004','エ','2020-07-22 05:28:17.861017','00024002'),(65,'0012','0005','ア','2020-07-22 05:28:17.861017','00024002'),(66,'0012','0006','ア','2020-07-22 05:28:17.861017','00024002'),(67,'0012','0007','ウ','2020-07-22 05:28:17.861017','00024002'),(68,'0012','0008','イ','2020-07-22 05:28:17.861017','00024002'),(69,'0012','0009','エ','2020-07-22 05:28:17.861017','00024002'),(70,'0012','0010','エ','2020-07-22 05:28:17.861017','00024002'),(71,'0012','0011','ウ','2020-07-22 05:28:17.861017','00024002'),(72,'0012','0012','ア','2020-07-22 05:28:17.861017','00024002'),(73,'0012','0013','ア','2020-07-22 05:28:17.861017','00024002'),(74,'0012','0014','ウ','2020-07-22 05:28:17.861017','00024002'),(75,'0012','0015','エ','2020-07-22 05:28:17.861017','00024002'),(76,'0012','0001','イ','2020-07-22 05:28:26.791709','00024003'),(77,'0012','0002','ア','2020-07-22 05:28:26.791709','00024003'),(78,'0012','0003','ウ','2020-07-22 05:28:26.791709','00024003'),(79,'0012','0004','ア','2020-07-22 05:28:26.791709','00024003'),(80,'0012','0005','ア','2020-07-22 05:28:26.791709','00024003'),(81,'0012','0006','エ','2020-07-22 05:28:26.791709','00024003'),(82,'0012','0007','エ','2020-07-22 05:28:26.791709','00024003'),(83,'0012','0008','エ','2020-07-22 05:28:26.791709','00024003'),(84,'0012','0009','エ','2020-07-22 05:28:26.791709','00024003'),(85,'0012','0010','エ','2020-07-22 05:28:26.791709','00024003'),(86,'0012','0011','エ','2020-07-22 05:28:26.791709','00024003'),(87,'0012','0012','エ','2020-07-22 05:28:26.791709','00024003'),(88,'0012','0013','ア','2020-07-22 05:28:26.791709','00024003'),(89,'0012','0014','エ','2020-07-22 05:28:26.791709','00024003'),(90,'0012','0015','ウ','2020-07-22 05:28:26.791709','00024003'),(91,'0012','0001','イ','2020-07-22 05:28:34.528843','00024006'),(92,'0012','0002','イ','2020-07-22 05:28:34.528843','00024006'),(93,'0012','0003','ア','2020-07-22 05:28:34.528843','00024006'),(94,'0012','0004','ウ','2020-07-22 05:28:34.528843','00024006'),(95,'0012','0005','イ','2020-07-22 05:28:34.528843','00024006'),(96,'0012','0006','イ','2020-07-22 05:28:34.528843','00024006'),(97,'0012','0007','ア','2020-07-22 05:28:34.528843','00024006'),(98,'0012','0008','エ','2020-07-22 05:28:34.528843','00024006'),(99,'0012','0009','エ','2020-07-22 05:28:34.528843','00024006'),(100,'0012','0010','エ','2020-07-22 05:28:34.528843','00024006'),(101,'0012','0011','ア','2020-07-22 05:28:34.528843','00024006'),(102,'0012','0012','エ','2020-07-22 05:28:34.528843','00024006'),(103,'0012','0013','ア','2020-07-22 05:28:34.528843','00024006'),(104,'0012','0014','エ','2020-07-22 05:28:34.528843','00024006'),(105,'0012','0015','ウ','2020-07-22 05:28:34.528843','00024006'),(106,'0012','0001','イ','2020-07-22 05:28:42.017457','00024001'),(107,'0012','0002','ア','2020-07-22 05:28:42.017457','00024001'),(108,'0012','0003','ウ','2020-07-22 05:28:42.017457','00024001'),(109,'0012','0004','ア','2020-07-22 05:28:42.017457','00024001'),(110,'0012','0005','ア','2020-07-22 05:28:42.017457','00024001'),(111,'0012','0006','エ','2020-07-22 05:28:42.017457','00024001'),(112,'0012','0007','エ','2020-07-22 05:28:42.017457','00024001'),(113,'0012','0008','エ','2020-07-22 05:28:42.017457','00024001'),(114,'0012','0009','エ','2020-07-22 05:28:42.017457','00024001'),(115,'0012','0010','エ','2020-07-22 05:28:42.017457','00024001'),(116,'0012','0011','エ','2020-07-22 05:28:42.017457','00024001'),(117,'0012','0012','エ','2020-07-22 05:28:42.017457','00024001'),(118,'0012','0013','ア','2020-07-22 05:28:42.017457','00024001'),(119,'0012','0014','エ','2020-07-22 05:28:42.017457','00024001'),(120,'0012','0015','ウ','2020-07-22 05:28:42.017457','00024001'),(121,'0012','0001','イ','2020-07-22 05:28:49.148324','00024004'),(122,'0012','0002','ア','2020-07-22 05:28:49.148324','00024004'),(123,'0012','0003','ウ','2020-07-22 05:28:49.148324','00024004'),(124,'0012','0004','エ','2020-07-22 05:28:49.148324','00024004'),(125,'0012','0005','ア','2020-07-22 05:28:49.148324','00024004'),(126,'0012','0006','エ','2020-07-22 05:28:49.148324','00024004'),(127,'0012','0007','エ','2020-07-22 05:28:49.148324','00024004'),(128,'0012','0008','エ','2020-07-22 05:28:49.148324','00024004'),(129,'0012','0009','エ','2020-07-22 05:28:49.148324','00024004'),(130,'0012','0010','エ','2020-07-22 05:28:49.148324','00024004'),(131,'0012','0011','エ','2020-07-22 05:28:49.148324','00024004'),(132,'0012','0012','エ','2020-07-22 05:28:49.148324','00024004'),(133,'0012','0013','ア','2020-07-22 05:28:49.148324','00024004'),(134,'0012','0014','エ','2020-07-22 05:28:49.148324','00024004'),(135,'0012','0015','ウ','2020-07-22 05:28:49.148324','00024004'),(136,'0012','0001','エ','2020-07-22 05:28:56.696818','00024005'),(137,'0012','0002','ア','2020-07-22 05:28:56.696818','00024005'),(138,'0012','0003','イ','2020-07-22 05:28:56.696818','00024005'),(139,'0012','0004','ウ','2020-07-22 05:28:56.696818','00024005'),(140,'0012','0005','ウ','2020-07-22 05:28:56.696818','00024005'),(141,'0012','0006','ア','2020-07-22 05:28:56.696818','00024005'),(142,'0012','0007','エ','2020-07-22 05:28:56.696818','00024005'),(143,'0012','0008','ア','2020-07-22 05:28:56.696818','00024005'),(144,'0012','0009','イ','2020-07-22 05:28:56.696818','00024005'),(145,'0012','0010','イ','2020-07-22 05:28:56.696818','00024005'),(146,'0012','0011','ア','2020-07-22 05:28:56.696818','00024005'),(147,'0012','0012','エ','2020-07-22 05:28:56.696818','00024005'),(148,'0012','0013','ア','2020-07-22 05:28:56.696818','00024005'),(149,'0012','0014','ア','2020-07-22 05:28:56.696818','00024005'),(150,'0012','0015','ウ','2020-07-22 05:28:56.696818','00024005'),(151,'0016','0001','ウ','2020-07-27 23:45:43.301119','00024006'),(152,'0016','0002','ウ','2020-07-27 23:45:43.301119','00024006'),(153,'0016','0003','イ','2020-07-27 23:45:43.301119','00024006'),(154,'0016','0004','イ','2020-07-27 23:45:43.301119','00024006'),(155,'0016','0005','エ','2020-07-27 23:45:43.301119','00024006'),(156,'0016','0006','エ','2020-07-27 23:45:43.301119','00024006'),(157,'0016','0007','エ','2020-07-27 23:45:43.301119','00024006'),(158,'0016','0008','イ','2020-07-27 23:45:43.301119','00024006'),(159,'0016','0009','イ','2020-07-27 23:45:43.301119','00024006'),(160,'0016','0010','イ','2020-07-27 23:45:43.301119','00024006'),(161,'0016','0011','ウ','2020-07-27 23:45:43.301119','00024006'),(162,'0016','0012','エ','2020-07-27 23:45:43.301119','00024006'),(163,'0016','0013','ウ','2020-07-27 23:45:43.301119','00024006'),(164,'0016','0014','イ','2020-07-27 23:45:43.301119','00024006'),(165,'0016','0015','ア','2020-07-27 23:45:43.301119','00024006'),(166,'0016','0016','イ','2020-07-27 23:45:43.301119','00024006'),(167,'0016','0017','イ','2020-07-27 23:45:43.301119','00024006'),(168,'0016','0018','ア','2020-07-27 23:45:43.301119','00024006'),(169,'0016','0019','ウ','2020-07-27 23:45:43.301119','00024006'),(170,'0016','0020','ウ','2020-07-27 23:45:43.301119','00024006'),(171,'0016','0001','ウ','2020-07-27 23:45:56.443289','00024001'),(172,'0016','0002','ウ','2020-07-27 23:45:56.443289','00024001'),(173,'0016','0003','イ','2020-07-27 23:45:56.443289','00024001'),(174,'0016','0004','イ','2020-07-27 23:45:56.443289','00024001'),(175,'0016','0005','イ','2020-07-27 23:45:56.443289','00024001'),(176,'0016','0006','イ','2020-07-27 23:45:56.443289','00024001'),(177,'0016','0007','エ','2020-07-27 23:45:56.443289','00024001'),(178,'0016','0008','イ','2020-07-27 23:45:56.443289','00024001'),(179,'0016','0009','ウ','2020-07-27 23:45:56.443289','00024001'),(180,'0016','0010','イ','2020-07-27 23:45:56.443289','00024001'),(181,'0016','0011','ウ','2020-07-27 23:45:56.443289','00024001'),(182,'0016','0012','エ','2020-07-27 23:45:56.443289','00024001'),(183,'0016','0013','ウ','2020-07-27 23:45:56.443289','00024001'),(184,'0016','0014','イ','2020-07-27 23:45:56.443289','00024001'),(185,'0016','0015','ア','2020-07-27 23:45:56.443289','00024001'),(186,'0016','0016','イ','2020-07-27 23:45:56.443289','00024001'),(187,'0016','0017','イ','2020-07-27 23:45:56.443289','00024001'),(188,'0016','0018','ウ','2020-07-27 23:45:56.443289','00024001'),(189,'0016','0019','ア','2020-07-27 23:45:56.443289','00024001'),(190,'0016','0020','ウ','2020-07-27 23:45:56.443289','00024001'),(191,'0016','0001','ア','2020-07-27 23:46:04.044781','00024002'),(192,'0016','0002','エ','2020-07-27 23:46:04.044781','00024002'),(193,'0016','0003','ウ','2020-07-27 23:46:04.044781','00024002'),(194,'0016','0004','ア','2020-07-27 23:46:04.044781','00024002'),(195,'0016','0005','ウ','2020-07-27 23:46:04.044781','00024002'),(196,'0016','0006','イ','2020-07-27 23:46:04.044781','00024002'),(197,'0016','0007','イ','2020-07-27 23:46:04.044781','00024002'),(198,'0016','0008','イ','2020-07-27 23:46:04.044781','00024002'),(199,'0016','0009','イ','2020-07-27 23:46:04.044781','00024002'),(200,'0016','0010','エ','2020-07-27 23:46:04.044781','00024002'),(201,'0016','0011','ア','2020-07-27 23:46:04.044781','00024002'),(202,'0016','0012','エ','2020-07-27 23:46:04.044781','00024002'),(203,'0016','0013','ウ','2020-07-27 23:46:04.044781','00024002'),(204,'0016','0014','イ','2020-07-27 23:46:04.044781','00024002'),(205,'0016','0015','ア','2020-07-27 23:46:04.044781','00024002'),(206,'0016','0016','イ','2020-07-27 23:46:04.044781','00024002'),(207,'0016','0017','ウ','2020-07-27 23:46:04.044781','00024002'),(208,'0016','0018','エ','2020-07-27 23:46:04.044781','00024002'),(209,'0016','0019','エ','2020-07-27 23:46:04.044781','00024002'),(210,'0016','0020','ウ','2020-07-27 23:46:04.044781','00024002'),(211,'0016','0001','エ','2020-07-27 23:46:10.772676','00024003'),(212,'0016','0002','ウ','2020-07-27 23:46:10.772676','00024003'),(213,'0016','0003','イ','2020-07-27 23:46:10.772676','00024003'),(214,'0016','0004','イ','2020-07-27 23:46:10.772676','00024003'),(215,'0016','0005','イ','2020-07-27 23:46:10.772676','00024003'),(216,'0016','0006','イ','2020-07-27 23:46:10.772676','00024003'),(217,'0016','0007','エ','2020-07-27 23:46:10.772676','00024003'),(218,'0016','0008','イ','2020-07-27 23:46:10.772676','00024003'),(219,'0016','0009','ウ','2020-07-27 23:46:10.772676','00024003'),(220,'0016','0010','イ','2020-07-27 23:46:10.772676','00024003'),(221,'0016','0011','ウ','2020-07-27 23:46:10.772676','00024003'),(222,'0016','0012','エ','2020-07-27 23:46:10.772676','00024003'),(223,'0016','0013','ウ','2020-07-27 23:46:10.772676','00024003'),(224,'0016','0014','イ','2020-07-27 23:46:10.772676','00024003'),(225,'0016','0015','ア','2020-07-27 23:46:10.772676','00024003'),(226,'0016','0016','イ','2020-07-27 23:46:10.772676','00024003'),(227,'0016','0017','イ','2020-07-27 23:46:10.772676','00024003'),(228,'0016','0018','ウ','2020-07-27 23:46:10.772676','00024003'),(229,'0016','0019','ア','2020-07-27 23:46:10.772676','00024003'),(230,'0016','0020','ウ','2020-07-27 23:46:10.772676','00024003'),(231,'0016','0001','ウ','2020-07-27 23:46:25.392621','00024005'),(232,'0016','0002','ウ','2020-07-27 23:46:25.392621','00024005'),(233,'0016','0003','ア','2020-07-27 23:46:25.392621','00024005'),(234,'0016','0004','イ','2020-07-27 23:46:25.392621','00024005'),(235,'0016','0005','イ','2020-07-27 23:46:25.392621','00024005'),(236,'0016','0006','ウ','2020-07-27 23:46:25.392621','00024005'),(237,'0016','0007','イ','2020-07-27 23:46:25.392621','00024005'),(238,'0016','0008','ア','2020-07-27 23:46:25.392621','00024005'),(239,'0016','0009','エ','2020-07-27 23:46:25.392621','00024005'),(240,'0016','0010','ウ','2020-07-27 23:46:25.392621','00024005'),(241,'0016','0011','ア','2020-07-27 23:46:25.392621','00024005'),(242,'0016','0012','エ','2020-07-27 23:46:25.392621','00024005'),(243,'0016','0013','イ','2020-07-27 23:46:25.392621','00024005'),(244,'0016','0014','イ','2020-07-27 23:46:25.392621','00024005'),(245,'0016','0015','エ','2020-07-27 23:46:25.392621','00024005'),(246,'0016','0016','イ','2020-07-27 23:46:25.392621','00024005'),(247,'0016','0017','ア','2020-07-27 23:46:25.392621','00024005'),(248,'0016','0018','ウ','2020-07-27 23:46:25.392621','00024005'),(249,'0016','0019','ウ','2020-07-27 23:46:25.392621','00024005'),(250,'0016','0020','エ','2020-07-27 23:46:25.392621','00024005'),(251,'0016','0001','エ','2020-07-27 23:47:37.509977','00024004'),(252,'0016','0002','ウ','2020-07-27 23:47:37.509977','00024004'),(253,'0016','0003','ア','2020-07-27 23:47:37.509977','00024004'),(254,'0016','0004','イ','2020-07-27 23:47:37.509977','00024004'),(255,'0016','0005','イ','2020-07-27 23:47:37.509977','00024004'),(256,'0016','0006','イ','2020-07-27 23:47:37.509977','00024004'),(257,'0016','0007','エ','2020-07-27 23:47:37.509977','00024004'),(258,'0016','0008','イ','2020-07-27 23:47:37.509977','00024004'),(259,'0016','0009','イ','2020-07-27 23:47:37.509977','00024004'),(260,'0016','0010','イ','2020-07-27 23:47:37.509977','00024004'),(261,'0016','0011','ウ','2020-07-27 23:47:37.509977','00024004'),(262,'0016','0012','エ','2020-07-27 23:47:37.509977','00024004'),(263,'0016','0013','ウ','2020-07-27 23:47:37.509977','00024004'),(264,'0016','0014','イ','2020-07-27 23:47:37.509977','00024004'),(265,'0016','0015','ア','2020-07-27 23:47:37.509977','00024004'),(266,'0016','0016','イ','2020-07-27 23:47:37.509977','00024004'),(267,'0016','0017','イ','2020-07-27 23:47:37.509977','00024004'),(268,'0016','0018','ウ','2020-07-27 23:47:37.509977','00024004'),(269,'0016','0019','ア','2020-07-27 23:47:37.509977','00024004'),(270,'0016','0020','ウ','2020-07-27 23:47:37.509977','00024004'),(271,'0020','0001','エ','2020-07-29 01:32:48.894692','00024001'),(272,'0020','0002','イ','2020-07-29 01:32:48.894692','00024001'),(273,'0020','0003','エ','2020-07-29 01:32:48.894692','00024001'),(274,'0020','0004','イ','2020-07-29 01:32:48.894692','00024001'),(275,'0020','0005','イ','2020-07-29 01:32:48.894692','00024001'),(276,'0020','0006','イ','2020-07-29 01:32:48.894692','00024001'),(277,'0020','0007','ウ','2020-07-29 01:32:48.894692','00024001'),(278,'0020','0008','イ','2020-07-29 01:32:48.894692','00024001'),(279,'0020','0009','エ','2020-07-29 01:32:48.894692','00024001'),(280,'0020','0010','ア','2020-07-29 01:32:48.894692','00024001'),(281,'0020','0001','ア','2020-07-29 01:32:58.139210','00024002'),(282,'0020','0002','ウ','2020-07-29 01:32:58.139210','00024002'),(283,'0020','0003','イ','2020-07-29 01:32:58.139210','00024002'),(284,'0020','0004','ウ','2020-07-29 01:32:58.139210','00024002'),(285,'0020','0005','ウ','2020-07-29 01:32:58.139210','00024002'),(286,'0020','0006','ウ','2020-07-29 01:32:58.139210','00024002'),(287,'0020','0007','ア','2020-07-29 01:32:58.139210','00024002'),(288,'0020','0008','エ','2020-07-29 01:32:58.139210','00024002'),(289,'0020','0009','ア','2020-07-29 01:32:58.139210','00024002'),(290,'0020','0010','ア','2020-07-29 01:32:58.139210','00024002'),(291,'0020','0001','ウ','2020-07-29 01:34:00.736600','00024003'),(292,'0020','0002','イ','2020-07-29 01:34:00.736600','00024003'),(293,'0020','0003','エ','2020-07-29 01:34:00.736600','00024003'),(294,'0020','0004','イ','2020-07-29 01:34:00.736600','00024003'),(295,'0020','0005','ア','2020-07-29 01:34:00.736600','00024003'),(296,'0020','0006','イ','2020-07-29 01:34:00.736600','00024003'),(297,'0020','0007','イ','2020-07-29 01:34:00.736600','00024003'),(298,'0020','0008','ア','2020-07-29 01:34:00.736600','00024003'),(299,'0020','0009','エ','2020-07-29 01:34:00.736600','00024003'),(300,'0020','0010','ウ','2020-07-29 01:34:00.736600','00024003'),(301,'0020','0001','イ','2020-07-29 01:34:12.002570','00024004'),(302,'0020','0002','イ','2020-07-29 01:34:12.002570','00024004'),(303,'0020','0003','ウ','2020-07-29 01:34:12.002570','00024004'),(304,'0020','0004','エ','2020-07-29 01:34:12.002570','00024004'),(305,'0020','0005','ウ','2020-07-29 01:34:12.002570','00024004'),(306,'0020','0006','イ','2020-07-29 01:34:12.002570','00024004'),(307,'0020','0007','ウ','2020-07-29 01:34:12.002570','00024004'),(308,'0020','0008','ウ','2020-07-29 01:34:12.002570','00024004'),(309,'0020','0009','イ','2020-07-29 01:34:12.002570','00024004'),(310,'0020','0010','イ','2020-07-29 01:34:12.002570','00024004'),(311,'0020','0001','ア','2020-07-29 01:34:19.868220','00024005'),(312,'0020','0002','イ','2020-07-29 01:34:19.868220','00024005'),(313,'0020','0003','イ','2020-07-29 01:34:19.868220','00024005'),(314,'0020','0004','ウ','2020-07-29 01:34:19.868220','00024005'),(315,'0020','0005','ア','2020-07-29 01:34:19.868220','00024005'),(316,'0020','0006','ウ','2020-07-29 01:34:19.868220','00024005'),(317,'0020','0007','イ','2020-07-29 01:34:19.868220','00024005'),(318,'0020','0008','エ','2020-07-29 01:34:19.868220','00024005'),(319,'0020','0009','エ','2020-07-29 01:34:19.868220','00024005'),(320,'0020','0010','イ','2020-07-29 01:34:19.868220','00024005'),(321,'0020','0001','エ','2020-07-29 01:34:29.673618','00024006'),(322,'0020','0002','イ','2020-07-29 01:34:29.673618','00024006'),(323,'0020','0003','エ','2020-07-29 01:34:29.673618','00024006'),(324,'0020','0004','ウ','2020-07-29 01:34:29.673618','00024006'),(325,'0020','0005','ウ','2020-07-29 01:34:29.673618','00024006'),(326,'0020','0006','イ','2020-07-29 01:34:29.673618','00024006'),(327,'0020','0007','イ','2020-07-29 01:34:29.673618','00024006'),(328,'0020','0008','イ','2020-07-29 01:34:29.673618','00024006'),(329,'0020','0009','イ','2020-07-29 01:34:29.673618','00024006'),(330,'0020','0010','エ','2020-07-29 01:34:29.673618','00024006'),(331,'0021','0001','ウ','2020-07-30 08:47:54.373709','00024001'),(332,'0021','0002','ア','2020-07-30 08:47:54.373709','00024001'),(333,'0021','0003','ウ','2020-07-30 08:47:54.373709','00024001'),(334,'0021','0004','ア','2020-07-30 08:47:54.373709','00024001'),(335,'0021','0005','ア','2020-07-30 08:47:54.373709','00024001'),(336,'0021','0006','ア','2020-07-30 08:47:54.373709','00024001'),(337,'0021','0007','ア','2020-07-30 08:47:54.373709','00024001'),(338,'0021','0008','エ','2020-07-30 08:47:54.373709','00024001'),(339,'0021','0009','エ','2020-07-30 08:47:54.373709','00024001'),(340,'0021','0010','エ','2020-07-30 08:47:54.373709','00024001'),(341,'0021','0001','ウ','2020-07-30 08:48:11.138240','00024004'),(342,'0021','0002','イ','2020-07-30 08:48:11.138240','00024004'),(343,'0021','0003','ウ','2020-07-30 08:48:11.138240','00024004'),(344,'0021','0004','ウ','2020-07-30 08:48:11.138240','00024004'),(345,'0021','0005','ア','2020-07-30 08:48:11.138240','00024004'),(346,'0021','0006','ア','2020-07-30 08:48:11.138240','00024004'),(347,'0021','0007','ウ','2020-07-30 08:48:11.138240','00024004'),(348,'0021','0008','エ','2020-07-30 08:48:11.138240','00024004'),(349,'0021','0009','ウ','2020-07-30 08:48:11.138240','00024004'),(350,'0021','0010','エ','2020-07-30 08:48:11.138240','00024004'),(351,'0021','0001','ウ','2020-07-30 08:48:19.550833','00024005'),(352,'0021','0002','イ','2020-07-30 08:48:19.550833','00024005'),(353,'0021','0003','ウ','2020-07-30 08:48:19.550833','00024005'),(354,'0021','0004','ア','2020-07-30 08:48:19.550833','00024005'),(355,'0021','0005','イ','2020-07-30 08:48:19.550833','00024005'),(356,'0021','0006','ア','2020-07-30 08:48:19.550833','00024005'),(357,'0021','0007','ウ','2020-07-30 08:48:19.550833','00024005'),(358,'0021','0008','エ','2020-07-30 08:48:19.550833','00024005'),(359,'0021','0009','ウ','2020-07-30 08:48:19.550833','00024005'),(360,'0021','0010','エ','2020-07-30 08:48:19.550833','00024005'),(361,'0021','0001','ウ','2020-07-30 08:48:27.604948','00024003'),(362,'0021','0002','ア','2020-07-30 08:48:27.604948','00024003'),(363,'0021','0003','ウ','2020-07-30 08:48:27.604948','00024003'),(364,'0021','0004','ウ','2020-07-30 08:48:27.604948','00024003'),(365,'0021','0005','ア','2020-07-30 08:48:27.604948','00024003'),(366,'0021','0006','ア','2020-07-30 08:48:27.604948','00024003'),(367,'0021','0007','ア','2020-07-30 08:48:27.604948','00024003'),(368,'0021','0008','エ','2020-07-30 08:48:27.604948','00024003'),(369,'0021','0009','エ','2020-07-30 08:48:27.604948','00024003'),(370,'0021','0010','エ','2020-07-30 08:48:27.604948','00024003'),(371,'0021','0001','イ','2020-07-30 08:48:35.859052','00024002'),(372,'0021','0002','イ','2020-07-30 08:48:35.859052','00024002'),(373,'0021','0003','ア','2020-07-30 08:48:35.859052','00024002'),(374,'0021','0004','エ','2020-07-30 08:48:35.859052','00024002'),(375,'0021','0005','ア','2020-07-30 08:48:35.859052','00024002'),(376,'0021','0006','ア','2020-07-30 08:48:35.859052','00024002'),(377,'0021','0007','エ','2020-07-30 08:48:35.859052','00024002'),(378,'0021','0008','ウ','2020-07-30 08:48:35.859052','00024002'),(379,'0021','0009','ウ','2020-07-30 08:48:35.859052','00024002'),(380,'0021','0010','イ','2020-07-30 08:48:35.859052','00024002'),(381,'0021','0001','ウ','2020-07-30 08:48:43.782530','00024006'),(382,'0021','0002','ア','2020-07-30 08:48:43.782530','00024006'),(383,'0021','0003','ウ','2020-07-30 08:48:43.782530','00024006'),(384,'0021','0004','イ','2020-07-30 08:48:43.782530','00024006'),(385,'0021','0005','ア','2020-07-30 08:48:43.782530','00024006'),(386,'0021','0006','ア','2020-07-30 08:48:43.782530','00024006'),(387,'0021','0007','ア','2020-07-30 08:48:43.782530','00024006'),(388,'0021','0008','エ','2020-07-30 08:48:43.782530','00024006'),(389,'0021','0009','ア','2020-07-30 08:48:43.782530','00024006'),(390,'0021','0010','ウ','2020-07-30 08:48:43.782530','00024006'),(391,'0022','0001','ア','2020-07-31 05:25:10.601660','00024001'),(392,'0022','0002','エ','2020-07-31 05:25:10.601660','00024001'),(393,'0022','0003','ウ','2020-07-31 05:25:10.601660','00024001'),(394,'0022','0004','エ','2020-07-31 05:25:10.601660','00024001'),(395,'0022','0005','イ','2020-07-31 05:25:10.601660','00024001'),(396,'0022','0006','エ','2020-07-31 05:25:10.601660','00024001'),(397,'0022','0007','エ','2020-07-31 05:25:10.601660','00024001'),(398,'0022','0008','ウ','2020-07-31 05:25:10.601660','00024001'),(399,'0022','0009','エ','2020-07-31 05:25:10.601660','00024001'),(400,'0022','0010','ウ','2020-07-31 05:25:10.601660','00024001'),(401,'0022','0001','ウ','2020-07-31 05:25:34.971429','00024002'),(402,'0022','0002','ウ','2020-07-31 05:25:34.971429','00024002'),(403,'0022','0003','ア','2020-07-31 05:25:34.971429','00024002'),(404,'0022','0004','ウ','2020-07-31 05:25:34.971429','00024002'),(405,'0022','0005','ア','2020-07-31 05:25:34.971429','00024002'),(406,'0022','0006','エ','2020-07-31 05:25:34.971429','00024002'),(407,'0022','0007','ウ','2020-07-31 05:25:34.971429','00024002'),(408,'0022','0008','イ','2020-07-31 05:25:34.971429','00024002'),(409,'0022','0009','エ','2020-07-31 05:25:34.971429','00024002'),(410,'0022','0010','エ','2020-07-31 05:25:34.971429','00024002'),(411,'0022','0001','ア','2020-07-31 05:26:21.887269','00024003'),(412,'0022','0002','ア','2020-07-31 05:26:21.887269','00024003'),(413,'0022','0003','イ','2020-07-31 05:26:21.887269','00024003'),(414,'0022','0004','エ','2020-07-31 05:26:21.887269','00024003'),(415,'0022','0005','ウ','2020-07-31 05:26:21.887269','00024003'),(416,'0022','0006','エ','2020-07-31 05:26:21.887269','00024003'),(417,'0022','0007','ア','2020-07-31 05:26:21.887269','00024003'),(418,'0022','0008','イ','2020-07-31 05:26:21.887269','00024003'),(419,'0022','0009','ウ','2020-07-31 05:26:21.887269','00024003'),(420,'0022','0010','エ','2020-07-31 05:26:21.887269','00024003'),(421,'0022','0001','ウ','2020-07-31 05:26:56.579219','00024004'),(422,'0022','0002','エ','2020-07-31 05:26:56.579219','00024004'),(423,'0022','0003','イ','2020-07-31 05:26:56.579219','00024004'),(424,'0022','0004','エ','2020-07-31 05:26:56.579219','00024004'),(425,'0022','0005','ウ','2020-07-31 05:26:56.579219','00024004'),(426,'0022','0006','エ','2020-07-31 05:26:56.579219','00024004'),(427,'0022','0007','ウ','2020-07-31 05:26:56.579219','00024004'),(428,'0022','0008','ア','2020-07-31 05:26:56.579219','00024004'),(429,'0022','0009','ア','2020-07-31 05:26:56.579219','00024004'),(430,'0022','0010','エ','2020-07-31 05:26:56.579219','00024004'),(431,'0022','0001','ア','2020-07-31 05:27:05.567746','00024005'),(432,'0022','0002','イ','2020-07-31 05:27:05.567746','00024005'),(433,'0022','0003','イ','2020-07-31 05:27:05.567746','00024005'),(434,'0022','0004','ウ','2020-07-31 05:27:05.567746','00024005'),(435,'0022','0005','イ','2020-07-31 05:27:05.567746','00024005'),(436,'0022','0006','ウ','2020-07-31 05:27:05.567746','00024005'),(437,'0022','0007','エ','2020-07-31 05:27:05.567746','00024005'),(438,'0022','0008','イ','2020-07-31 05:27:05.567746','00024005'),(439,'0022','0009','ア','2020-07-31 05:27:05.567746','00024005'),(440,'0022','0010','エ','2020-07-31 05:27:05.567746','00024005'),(441,'0022','0001','ウ','2020-07-31 05:27:13.451950','00024006'),(442,'0022','0002','エ','2020-07-31 05:27:13.451950','00024006'),(443,'0022','0003','ウ','2020-07-31 05:27:13.451950','00024006'),(444,'0022','0004','ア','2020-07-31 05:27:13.451950','00024006'),(445,'0022','0005','ウ','2020-07-31 05:27:13.451950','00024006'),(446,'0022','0006','エ','2020-07-31 05:27:13.451950','00024006'),(447,'0022','0007','エ','2020-07-31 05:27:13.451950','00024006'),(448,'0022','0008','ウ','2020-07-31 05:27:13.451950','00024006'),(449,'0022','0009','ア','2020-07-31 05:27:13.451950','00024006'),(450,'0022','0010','イ','2020-07-31 05:27:13.451950','00024006'),(451,'0023','0001','イ','2020-08-03 23:34:41.350618','00024001'),(452,'0023','0002','ア','2020-08-03 23:34:41.350618','00024001'),(453,'0023','0003','ウ','2020-08-03 23:34:41.350618','00024001'),(454,'0023','0004','ア','2020-08-03 23:34:41.350618','00024001'),(455,'0023','0005','ウ','2020-08-03 23:34:41.350618','00024001'),(456,'0023','0006','ウ','2020-08-03 23:34:41.350618','00024001'),(457,'0023','0007','ア','2020-08-03 23:34:41.350618','00024001'),(458,'0023','0008','ア','2020-08-03 23:34:41.350618','00024001'),(459,'0023','0009','エ','2020-08-03 23:34:41.350618','00024001'),(460,'0023','0010','イ','2020-08-03 23:34:41.350618','00024001'),(461,'0023','0011','ア','2020-08-03 23:34:41.350618','00024001'),(462,'0023','0012','イ','2020-08-03 23:34:41.350618','00024001'),(463,'0023','0013','エ','2020-08-03 23:34:41.350618','00024001'),(464,'0023','0014','イ','2020-08-03 23:34:41.350618','00024001'),(465,'0023','0015','ア','2020-08-03 23:34:41.350618','00024001'),(466,'0023','0001','ウ','2020-08-03 23:35:14.297068','00024002'),(467,'0023','0002','エ','2020-08-03 23:35:14.297068','00024002'),(468,'0023','0003','ウ','2020-08-03 23:35:14.297068','00024002'),(469,'0023','0004','イ','2020-08-03 23:35:14.297068','00024002'),(470,'0023','0005','ア','2020-08-03 23:35:14.297068','00024002'),(471,'0023','0006','イ','2020-08-03 23:35:14.297068','00024002'),(472,'0023','0007','エ','2020-08-03 23:35:14.297068','00024002'),(473,'0023','0008','ア','2020-08-03 23:35:14.297068','00024002'),(474,'0023','0009','ア','2020-08-03 23:35:14.297068','00024002'),(475,'0023','0010','エ','2020-08-03 23:35:14.297068','00024002'),(476,'0023','0011','ア','2020-08-03 23:35:14.297068','00024002'),(477,'0023','0012','エ','2020-08-03 23:35:14.297068','00024002'),(478,'0023','0013','ア','2020-08-03 23:35:14.297068','00024002'),(479,'0023','0014','ウ','2020-08-03 23:35:14.297068','00024002'),(480,'0023','0015','ウ','2020-08-03 23:35:14.297068','00024002'),(481,'0023','0001','ア','2020-08-03 23:35:28.741056','00024003'),(482,'0023','0002','ア','2020-08-03 23:35:28.741056','00024003'),(483,'0023','0003','ウ','2020-08-03 23:35:28.741056','00024003'),(484,'0023','0004','ア','2020-08-03 23:35:28.741056','00024003'),(485,'0023','0005','ウ','2020-08-03 23:35:28.741056','00024003'),(486,'0023','0006','ウ','2020-08-03 23:35:28.741056','00024003'),(487,'0023','0007','ア','2020-08-03 23:35:28.741056','00024003'),(488,'0023','0008','ア','2020-08-03 23:35:28.741056','00024003'),(489,'0023','0009','ア','2020-08-03 23:35:28.741056','00024003'),(490,'0023','0010','イ','2020-08-03 23:35:28.741056','00024003'),(491,'0023','0011','ア','2020-08-03 23:35:28.741056','00024003'),(492,'0023','0012','イ','2020-08-03 23:35:28.741056','00024003'),(493,'0023','0013','エ','2020-08-03 23:35:28.741056','00024003'),(494,'0023','0014','イ','2020-08-03 23:35:28.741056','00024003'),(495,'0023','0015','ア','2020-08-03 23:35:28.741056','00024003'),(496,'0023','0001','ウ','2020-08-03 23:35:37.570730','00024004'),(497,'0023','0002','ア','2020-08-03 23:35:37.570730','00024004'),(498,'0023','0003','ウ','2020-08-03 23:35:37.570730','00024004'),(499,'0023','0004','ア','2020-08-03 23:35:37.570730','00024004'),(500,'0023','0005','ウ','2020-08-03 23:35:37.570730','00024004'),(501,'0023','0006','ウ','2020-08-03 23:35:37.570730','00024004'),(502,'0023','0007','ア','2020-08-03 23:35:37.570730','00024004'),(503,'0023','0008','ア','2020-08-03 23:35:37.570730','00024004'),(504,'0023','0009','ア','2020-08-03 23:35:37.570730','00024004'),(505,'0023','0010','イ','2020-08-03 23:35:37.570730','00024004'),(506,'0023','0011','ア','2020-08-03 23:35:37.570730','00024004'),(507,'0023','0012','イ','2020-08-03 23:35:37.570730','00024004'),(508,'0023','0013','エ','2020-08-03 23:35:37.570730','00024004'),(509,'0023','0014','イ','2020-08-03 23:35:37.570730','00024004'),(510,'0023','0015','ア','2020-08-03 23:35:37.570730','00024004'),(511,'0023','0001','イ','2020-08-03 23:35:45.976112','00024005'),(512,'0023','0002','ウ','2020-08-03 23:35:45.976112','00024005'),(513,'0023','0003','イ','2020-08-03 23:35:45.976112','00024005'),(514,'0023','0004','イ','2020-08-03 23:35:45.976112','00024005'),(515,'0023','0005','ウ','2020-08-03 23:35:45.976112','00024005'),(516,'0023','0006','エ','2020-08-03 23:35:45.976112','00024005'),(517,'0023','0007','ウ','2020-08-03 23:35:45.976112','00024005'),(518,'0023','0008','ア','2020-08-03 23:35:45.976112','00024005'),(519,'0023','0009','ア','2020-08-03 23:35:45.976112','00024005'),(520,'0023','0010','エ','2020-08-03 23:35:45.976112','00024005'),(521,'0023','0011','イ','2020-08-03 23:35:45.976112','00024005'),(522,'0023','0012','ア','2020-08-03 23:35:45.976112','00024005'),(523,'0023','0013','エ','2020-08-03 23:35:45.976112','00024005'),(524,'0023','0014','ウ','2020-08-03 23:35:45.976112','00024005'),(525,'0023','0015','ア','2020-08-03 23:35:45.976112','00024005'),(526,'0023','0001','ウ','2020-08-03 23:36:49.771322','00024006'),(527,'0023','0002','ウ','2020-08-03 23:36:49.771322','00024006'),(528,'0023','0003','ウ','2020-08-03 23:36:49.771322','00024006'),(529,'0023','0004','ア','2020-08-03 23:36:49.771322','00024006'),(530,'0023','0005','イ','2020-08-03 23:36:49.771322','00024006'),(531,'0023','0006','ウ','2020-08-03 23:36:49.771322','00024006'),(532,'0023','0007','ア','2020-08-03 23:36:49.771322','00024006'),(533,'0023','0008','ウ','2020-08-03 23:36:49.771322','00024006'),(534,'0023','0009','エ','2020-08-03 23:36:49.771322','00024006'),(535,'0023','0010','イ','2020-08-03 23:36:49.771322','00024006'),(536,'0023','0011','ア','2020-08-03 23:36:49.771322','00024006'),(537,'0023','0012','イ','2020-08-03 23:36:49.771322','00024006'),(538,'0023','0013','エ','2020-08-03 23:36:49.771322','00024006'),(539,'0023','0014','イ','2020-08-03 23:36:49.771322','00024006'),(540,'0023','0015','イ','2020-08-03 23:36:49.771322','00024006');
/*!40000 ALTER TABLE `exam_resulttest` ENABLE KEYS */;
UNLOCK TABLES;

--
-- Table structure for table `exam_superuser`
--

DROP TABLE IF EXISTS `exam_superuser`;
/*!40101 SET @saved_cs_client     = @@character_set_client */;
/*!40101 SET character_set_client = utf8 */;
CREATE TABLE `exam_superuser` (
  `u_id` varchar(40) NOT NULL,
  `u_pass` varchar(40) NOT NULL,
  PRIMARY KEY (`u_id`)
) ENGINE=InnoDB DEFAULT CHARSET=utf8;
/*!40101 SET character_set_client = @saved_cs_client */;

--
-- Dumping data for table `exam_superuser`
--

LOCK TABLES `exam_superuser` WRITE;
/*!40000 ALTER TABLE `exam_superuser` DISABLE KEYS */;
/*!40000 ALTER TABLE `exam_superuser` ENABLE KEYS */;
UNLOCK TABLES;

--
-- Table structure for table `exam_user`
--

DROP TABLE IF EXISTS `exam_user`;
/*!40101 SET @saved_cs_client     = @@character_set_client */;
/*!40101 SET character_set_client = utf8 */;
CREATE TABLE `exam_user` (
  `u_id` varchar(20) NOT NULL,
  `u_email` varchar(100) NOT NULL,
  `u_pass` varchar(20) NOT NULL,
  `u_name` varchar(40) NOT NULL,
  `u_admin` smallint(6) NOT NULL,
  `u_enable` smallint(6) NOT NULL,
  `u_hidden` smallint(6) NOT NULL,
  `u_date` date NOT NULL,
  `o_id` varchar(4) NOT NULL,
  PRIMARY KEY (`u_id`),
  KEY `exam_user_o_id_a58ef5f6_fk_exam_org_o_id` (`o_id`),
  CONSTRAINT `exam_user_o_id_a58ef5f6_fk_exam_org_o_id` FOREIGN KEY (`o_id`) REFERENCES `exam_org` (`o_id`)
) ENGINE=InnoDB DEFAULT CHARSET=utf8;
/*!40101 SET character_set_client = @saved_cs_client */;

--
-- Dumping data for table `exam_user`
--

LOCK TABLES `exam_user` WRITE;
/*!40000 ALTER TABLE `exam_user` DISABLE KEYS */;
INSERT INTO `exam_user` VALUES ('00024001','watabe@ucsjp.jp','P@ssword','石田隆浩',0,1,0,'2020-07-22','0002'),('00024002','watabe@ucsjp.jp','P@ssword','今本玄弥',0,1,0,'2020-07-22','0002'),('00024003','watabe@ucsjp.jp','P@ssword','寺川諒哉',0,1,0,'2020-07-22','0002'),('00024004','watabe@ucsjp.jp','P@ssword','星瑠哉',0,1,0,'2020-07-22','0002'),('00024005','watabe@ucsjp.jp','P@ssword','中田想乃',0,1,0,'2020-07-22','0002'),('00024006','watabe@ucsjp.jp','P@ssword','橋本優希',0,1,0,'2020-07-22','0002'),('00031902','1194002@ucsjp.jp','P@ssword','井上乃々香',0,1,0,'2020-07-29','0003'),('kubo20','kubo@ucsjp.jp','P@ssword','久保翔太',1,1,1,'2020-07-22','0002'),('watabe19','watabe@ucsjp.jp','toshi@5701','渡部隼也',1,1,0,'2020-07-29','0003'),('watabe20','watabe@ucsjp.jp','P@ssword','渡部隼也',1,1,1,'2020-07-22','0002');
/*!40000 ALTER TABLE `exam_user` ENABLE KEYS */;
UNLOCK TABLES;
/*!40103 SET TIME_ZONE=@OLD_TIME_ZONE */;

/*!40101 SET SQL_MODE=@OLD_SQL_MODE */;
/*!40014 SET FOREIGN_KEY_CHECKS=@OLD_FOREIGN_KEY_CHECKS */;
/*!40014 SET UNIQUE_CHECKS=@OLD_UNIQUE_CHECKS */;
/*!40101 SET CHARACTER_SET_CLIENT=@OLD_CHARACTER_SET_CLIENT */;
/*!40101 SET CHARACTER_SET_RESULTS=@OLD_CHARACTER_SET_RESULTS */;
/*!40101 SET COLLATION_CONNECTION=@OLD_COLLATION_CONNECTION */;
/*!40111 SET SQL_NOTES=@OLD_SQL_NOTES */;

-- Dump completed on 2020-08-04 12:01:12
